Title,Video URL,Video Duration,Views Number,Date the video uploaded
"NIOH 3 Walkthrough Gameplay Part 1 - INTRO (FULL GAME)仁王3攻略游戏玩法第一部分 - 开场（完整版）","https://www.youtube.com/watch?v=UcbvtJQui-M&pp=ygUGbmlvaCAz","2.35:17","15万次观看","2天前"
"Nioh 3 - Let's Play Part 1: The Fall of Edo Castle仁王3 - 让我们一起玩 第一部分：江户城的陨落","https://www.youtube.com/watch?v=PDlDnChNDBg&pp=ygUGbmlvaCAz","44.54","8.2万次观看","3天前"
"Nioh 3 Demo Dropped! (Jakotsu-Baba No Damage Boss Fight)仁王 3 试玩版发布！（蛇骨巴场无伤害 Boss 战）","https://www.youtube.com/watch?v=17838xuoR_4&pp=ygUGbmlvaCAz","2.06","7.8万次观看","2天前"
"Nioh 3 Gameplay Preview & Early Thoughts -  What You Should Know《仁王3》游戏预览及早期感想——你应该知道的事","https://www.youtube.com/watch?v=sRgPERnL_Ic&pp=ygUGbmlvaCAz","7.14","8万次观看","3天前"
"Nioh 3 - Features Trailer | PS5 Games仁王 3 - 特色预告片 |PS5 游戏","https://www.youtube.com/watch?v=bL_umw0ScIA&pp=ygUGbmlvaCAz","0.51","6.9万次观看","2天前"
"NEW TRAILERs - MH Wilds Patch - Nioh 3 Demo 🔴Full Stream🔴 (1-28)新预告片 - MH Wilds 补丁 - 《仁王 3》试玩🔴版完整流（🔴 1-28 页）","https://www.youtube.com/watch?v=rpydGQBRHXE&pp=ygUGbmlvaCAz","5.19:18","6.2万次观看","直播时间：2天前"
"The future third Tokugawa Shogun is killed half-naked after being hit by a street thug [Nioh 3 Li...未来的第三代德川将军被街头恶棍击中半裸身亡[仁王3里......","https://www.youtube.com/watch?v=dlabq9eWUuw&pp=ygUGbmlvaCAz","24.17","6.3万次观看","1天前"
"Welcome To Japan | Nioh 3 Gameplay #1欢迎来到日本 |仁王3游戏玩法#1","https://www.youtube.com/watch?v=DCpeDvkfZYw&pp=ygUGbmlvaCAz","1.19:29","6万次观看","2天前"
"Nioh 3 - First Impressions仁王3——初印象","https://www.youtube.com/watch?v=oEpVvLg9RsE&pp=ygUGbmlvaCAz","11.12","4.8万次观看","1天前"
"NIOH 3 Gameplay Walkthrough Part 1 FULL GAME (4K 60FPS) No Commentary仁王 3 游戏演示攻略 第一部分 完整游戏（4K 60FPS） 无解说","https://www.youtube.com/watch?v=rwsURxHbxDc&pp=ygUGbmlvaCAz","10.04:26","4.7万次观看","3天前"
"🔴Live - Nioh 3 - Walkthrough Prep Begins!🔴直播 - 仁王3 - 攻略准备开始！","https://www.youtube.com/watch?v=VHkkOhSyMwQ&pp=ygUGbmlvaCAz","2.56:03","4.4万次观看","直播时间：2天前"
"NIOH 3 est le premier rival de ELDEN RING仁王3是《艾尔登法环》的第一个竞争对手","https://www.youtube.com/watch?v=JhMhl-xAZaQ&pp=ygUGbmlvaCAz","50.02","3.8万次观看","3天前"
"The First 37 Minutes of Nioh 3 on PC 4K 60FPS《仁王 3》在 PC 上的前 37 分钟，4K 60FPS","https://www.youtube.com/watch?v=g7ue2tlloOg&pp=ygUGbmlvaCAz","37.58","3.4万次观看","2天前"
"NIOH 3 [Walkthrough Gameplay ITA HD - PARTE 1] - NINJA, SAMURAI e YOKAI仁王 3【攻略游戏 ITA HD - PARTE 1】 - 忍者、武士与洋解","https://www.youtube.com/watch?v=XX5gU8ENQ3E&pp=ygUGbmlvaCAz","38.35","3.1万次观看","1天前"
"¿El SOULS más BRUTAL? 💀 Nioh 3最残酷的灵魂？💀 仁王3","https://www.youtube.com/watch?v=6Bby_jFYCjs&pp=ygUGbmlvaCAz","44.25","2.9万次观看","2天前"
"NIOH 3 #01 – O Início da Jornada | Gameplay PS5 PT-BRNIOH 3 #01 – 旅程的开始 |游戏玩法 PS5 PT-BR","https://www.youtube.com/watch?v=yxyqVtQ5ivY&pp=ygUGbmlvaCAz","3.21:03","2.9万次观看","2天前"
"NIOH 3 - Início de Gameplay!!! | Em Português PT-BR《仁王 3》——游戏开始！！|葡萄牙语中 PT-BR","https://www.youtube.com/watch?v=nhZOMsXatCM&pp=ygUGbmlvaCAz","1.12:18","3.2万次观看","3天前"
"Nioh 3 - Let's Play Part 2: Escape from Hitokyo Slope仁王3 - 实况游玩 第二部分：逃离日京坡","https://www.youtube.com/watch?v=hsj0FHb-Pag&pp=ygUGbmlvaCAz","36.23","2.9万次观看","2天前"
"Nioh 3 - Official PS5 Features Trailer《仁王 3》- 官方 PS5 功能预告片","https://www.youtube.com/watch?v=1aw--abhnTU&pp=ygUGbmlvaCAz","0.51","3万次观看","2天前"
"NIOH 3 - Parte 1: A Queda do Shogun!!! [ PS5 Pro - Playthrough 4K ]NIOH 3 - 第一部分：将军的行动!![ PS5 Pro - 4K 通关 ]","https://www.youtube.com/watch?v=9VWcIKV_EFg&pp=ygUGbmlvaCAz","5.00:02","2.8万次观看","3天前"
"Nioh 3 is MoDeRn AuDiEnCe SLOP, censoring their character and embracing 'Body Types' over M/F《仁王 3》是 MoDeRn AuDiEnCe 的 SLOP，审查角色，并拥抱“体型”而非男女","https://www.youtube.com/watch?v=uurJVheiDzo&pp=ygUGbmlvaCAz","10.48","2.8万次观看","1天前"
"It's worse than I thought... (and somewhat better) Nioh 3 open world performance, stuttery camera比我想象的还糟......（而且稍微好一些）仁王3的开放世界表现，摄像机卡顿","https://www.youtube.com/watch?v=DX045Dc_3us&pp=ygUGbmlvaCAz","19.27","2.5万次观看","1天前"
"Nioh 3 PC Performance Tested仁王 3 PC 性能测试","https://www.youtube.com/watch?v=nhtDC8TVw5E&pp=ygUGbmlvaCAz","21.37","2.5万次观看","2天前"
"NIOH 3 VOLLERSION mit ELOTRIX🔴LIVE - ES GEHT LOS!仁王 3 与 ELOTRIX🔴现场大放厥词——开始吧！","https://www.youtube.com/watch?v=9HZf9SQkm8Q&pp=ygUGbmlvaCAz","5.25:49","2.5万次观看","直播时间：2天前"
"Nioh 3 Has Blown Me Away 30 Hours In (First Impressions)《仁王3》让我震撼，玩了30个小时（第一印象）","https://www.youtube.com/watch?v=Sjh2ayoRicY&pp=ygUGbmlvaCAz","46.48","2.4万次观看","2天前"
"Nioh 3 а там посмотрим《仁王3》，然后再看看情况","https://www.youtube.com/watch?v=DeZoomhdBRM&pp=ygUGbmlvaCAz","4.07:04","2.4万次观看","直播时间：1天前"
"Nioh 3 | January 29th仁王3 |1月29日","https://www.youtube.com/watch?v=WGKnqQioYbw&pp=ygUGbmlvaCAz","5.40:23","2.3万次观看","直播时间：2天前"
"Nioh 3 - Chapter 1 All Boss Fights + Ending (NO DAMAGE)仁王 3 - 第一章 所有 Boss 战 + 结局（无伤害）","https://www.youtube.com/watch?v=R0w7YFK5hn4&pp=ygUGbmlvaCAz","1.10:50","2.3万次观看","2天前"
"Early Impressions After Getting A Hands-On With The FULL Version Of NIOH 3!试玩《仁王3》完整版后的初步印象！","https://www.youtube.com/watch?v=GBuC-Asmfd8&pp=ygUGbmlvaCAz","19.32","2.1万次观看","3天前"
"🔴Live - Nioh 3 - Walkthrough Prep Part 2🔴直播 - 仁王3 - 攻略准备第二部分","https://www.youtube.com/watch?v=VKJRoXSTBmo&pp=ygUGbmlvaCAz","3.43:21","2.2万次观看","直播时间：1天前"
"Nioh 3 - What Happens If You Beat the Tutorial "Tokugawa Kunimatsu" Boss? (No Damage)仁王 3 - 如果你击败教程中的“德川国松”Boss 会发生什么？（无损伤）","https://www.youtube.com/watch?v=z3pXE78bFiY&pp=ygUGbmlvaCAz","9.21","1.9万次观看","2天前"
"NIOH 3 ПРОХОЖДЕНИЕ [4K] ➤ Часть 1 ➤ На Русском ➤ Ниох 3 на ПК《仁王 3》攻略 [4K] † 第一部分 † 俄语版 † PC 版《仁王 3》","https://www.youtube.com/watch?v=HmPyDYmKF2I&pp=ygUGbmlvaCAz","4.17:30","2万次观看","直播时间：2天前"
"[Nioh 3] The latest installment of the Sengoku x Hack & Slash x Action series is about to be rele...[仁王3]《战国×砍杀×动作》系列的最新作品即将发布......","https://www.youtube.com/watch?v=9C3pkft_xUQ&pp=ygUGbmlvaCAz","19.11","1.9万次观看","6天前"
"Nioh 3 - Español #1 - Impresiones DEMO - Primeros Pasos - Ps5 Pro Gameplay仁王 3 - 英文 #1 - 演示演示 - 入门 - PS5 Pro 游戏玩法","https://www.youtube.com/watch?v=SzujzOBJUt0&pp=ygUGbmlvaCAz","5.10:32","1.8万次观看","直播时间：2天前"
"Nioh 3 - Let's Play Part 3: Totomi Province仁王3 - 让我们一起玩 第三部分：富美国","https://www.youtube.com/watch?v=9t45VsZBZO8&pp=ygUGbmlvaCAz","26.34","1.7万次观看","2天前"
"Top 12 HUGE Tips To Help To CRUSH The Nioh 3 Demo帮助击败《仁王3》试玩版的12大关键建议","https://www.youtube.com/watch?v=8E7SoPZEhEM&pp=ygUGbmlvaCAz","12.37","1.6万次观看","2天前"
"Nioh 3 Jakotsu-baba Boss Guide | How to Beat the Demo Boss《仁王 3 蛇骨马场》Boss 攻略 |如何击败演示 Boss","https://www.youtube.com/watch?v=8xmaBMMizIE&pp=ygUGbmlvaCAz","3.44","1.6万次观看","1天前"
"Nioh 3 - How To Get Severing Spin Weapon Skill (Crucible Martial Art)仁王3 - 如何获得切割旋转武器技能（熔炉武术）","https://www.youtube.com/watch?v=ZAZ-pQkiFyE&pp=ygUGbmlvaCAz","2.56","1.5万次观看","2天前"
"NIOH 3 - Gameplay do Início no PS5 PRO!《仁王 3》——玩法，玩法，PS5 PRO！","https://www.youtube.com/watch?v=XmHkKq4MBD4&pp=ygUGbmlvaCAz","26.07","1.4万次观看","3天前"
"NIOH 3 : LE MIE PRIME IMPRESSIONI | PS5 Gameplay ITA《仁王 3：三明初版》 |PS5 游戏玩法 ITA","https://www.youtube.com/watch?v=mXFdTnFsOa4&pp=ygUGbmlvaCAz","38.01","1.5万次观看","2天前"
"[仁王3]開荒最有料最簡單無腦的武器推薦[仁王3]开荒最有料最简单无脑的武器推荐","https://www.youtube.com/watch?v=BtjgvsMXiR4&pp=ygUGbmlvaCAz","6.33","1.3万次观看","1天前"
"Nioh 3 | The Early Reviews Are In..!仁王3 |早期评测出来了......！","https://www.youtube.com/watch?v=QrlGYvG5Js4&pp=ygUGbmlvaCAz","11.02","1.3万次观看","4天前"
"🔴Live - Nioh 3 - Walkthrough Prep Part 3🔴直播 - 仁王3 - 攻略准备 第三部分","https://www.youtube.com/watch?v=GzQbrqwLBcA&pp=ygUGbmlvaCAz","3.02:49","1.5万次观看","直播时间：1天前"
"Nioh 3 | Severing Spin is OP (Katana)! How to Break Human Bosses 仁王3 Skill Guide @PWARGaming​仁王 3 |切割旋律太强了（武士刀）！如何破解人类 Boss 仁王 3 技能指南@PWARGaming","https://www.youtube.com/watch?v=MylZxhSNVRM&pp=ygUGbmlvaCAz","9.04","1.2万次观看","23小时前"
"🔴HIGHGUARD, INDUSTRY CRASH, BIG STREAM (Chat, News, Reacts) | Nioh 3 Demo🔴HIGHGUARD，行业崩盘，大直播（聊天、新闻、反应）|仁王 3 试玩版","https://www.youtube.com/watch?v=h3hrUai7o3Q&pp=ygUGbmlvaCAz","6.51:04","1.3万次观看","直播时间：17小时前"
"Nioh 3 | Demo Content Carries Into Game Release | Part 1仁王3 |试玩版内容将延续至游戏发布 |第一部分","https://www.youtube.com/watch?v=nyrplU6U-WU&pp=ygUGbmlvaCAz","48.06","1.2万次观看","2天前"
"Nioh 3 - Let's Play Part 4: Gaki Chief仁王3 - 让我们一起玩 第四部分：嘎基队长","https://www.youtube.com/watch?v=0D6euNDP4AM&pp=ygUGbmlvaCAz","34.03","1.3万次观看","2天前"
"🔴Live - Nioh 3 - Walkthrough Prep Part 4🔴直播 - 仁王3 - 攻略准备 第四部分","https://www.youtube.com/watch?v=6Qw5NrMJJGY&pp=ygUGbmlvaCAz","2.47:07","1.1万次观看","直播时间：2小时前"
"La nouvelle démo de Nioh 3 m'a convaincu, c'est pas mal du tout ! Mon avis à la fin de la vod.《仁王3》的新试玩版让我信服了，其实一点也不差！我在视频视频结尾的看法。","https://www.youtube.com/watch?v=FBMCc2xtyo4&pp=ygUGbmlvaCAz","3.46:55","1.1万次观看","直播时间：1天前"
"Découverte de NIOH 3 sur PC : C'EST BON je crois que ça clique pour moi !PC 版《仁王 3 的发现》：挺不错的，我觉得它很合我胃口！","https://www.youtube.com/watch?v=CJeubcO1qKo&pp=ygUGbmlvaCAz","1.11:27","1.1万次观看","2天前"
"CHANGE THESE Game Settings in Nioh 3 Immediately立即更改《仁王3》中的这些游戏设置","https://www.youtube.com/watch?v=iv3ZgXBX0Yo&pp=ygUGbmlvaCAz","27.17","1万次观看","1天前"
"NIOH 3 #2 - Esse Jogo É DIFERENTE Do Que Eu Imaginava!仁王3 #2——这款游戏和我想象的完全不同！","https://www.youtube.com/watch?v=JTOsdZ5zJWw&pp=ygUGbmlvaCAz","1.00:06","1万次观看","2天前"
"仁王3太難？一個視頻讓你開荒難度驟降仁王3太难？ 一个视频让你开荒难度骤降","https://www.youtube.com/watch?v=hTvLmi0_CjM&pp=ygUGbmlvaCAz","3.36","1万次观看","2天前"
"Nioh 3 - Let's Play Part 6: Tenryu  River仁王3 - 让我们一起玩 第六部分：天龙川","https://www.youtube.com/watch?v=uP22odK13Cw&pp=ygUGbmlvaCAz","34.04","1万次观看","2天前"
"NIOH 3 - A PRIMEIRA HORA (ACESSO ANTECIPADO)仁王3 - 第一小时（抢先体验）","https://www.youtube.com/watch?v=lNP-cIbgwbU&pp=ygUGbmlvaCAz","1.06:29","9734次观看","3天前"
"🔴 ACESSO ANTECIPADO!!! O INICIO DE NIOH 3, FINALMENTE!!! AO VIVO NO PS5 PRO - PARTE 1🔴 抢先体验！！《仁王 3》的开端，终于！！PS5 PRO 直播 - 第一部分","https://www.youtube.com/watch?v=uXQbDBloHpk&pp=ygUGbmlvaCAz","4.41:01","9598次观看","直播时间：2天前"
"JE SUIS UN NINJA | Nioh 3 (exclu)我是忍者 |仁王3（独家）","https://www.youtube.com/watch?v=tU6DQ66atT4&pp=ygUGbmlvaCAz","3.09:09","1万次观看","1天前"
"NIOH 3 Gameplay First Hours - Part 1《仁王3》游戏体验 第一部分","https://www.youtube.com/watch?v=ost4ccSp62Y&pp=ygUGbmlvaCAz","3.34:54","9757次观看","直播时间：2天前"
"Nioh 3 - HUGE Things to Know Before You SPEND $70!仁王3——花70美元前必须知道的重要事项！","https://www.youtube.com/watch?v=UjRez_FxSbQ&pp=ygUGbmlvaCAz","14.32","8840次观看","4天前"
"Nioh 3 - Let's Play Part 5: Tokaido仁王3 - 实况 第五部分：东海道","https://www.youtube.com/watch?v=DGYOCAUW_vw&pp=ygUGbmlvaCAz","32.45","1万次观看","2天前"
"Nioh 3 Demo! Смотрим демку, разбираемся с новыми фишками.仁王3试玩版！看演示，摸索新功能。","https://www.youtube.com/watch?v=YVLqHBHlhwg&pp=ygUGbmlvaCAz","6.36:39","8664次观看","直播时间：2天前"
"NIOH 3 | RTX 5050, 4060, 3060, 3050, GTX 1650仁王 3 |RTX 5050、4060、3060、3050、GTX 1650","https://www.youtube.com/watch?v=XZV508VrrYM&pp=ygUGbmlvaCAz","24.30","8771次观看","3天前"
"Nioh 3 - Let's Play Part 9: Jakotsu-baba仁王3 - 让我们一起玩 第九部分：蛇骨婆婆","https://www.youtube.com/watch?v=P3JdiXPhjkE&pp=ygUGbmlvaCAz","34.27","8415次观看","1天前"
"Nioh 3 - Bloodedge Demon Boss Fight (No Damage)仁王 3 - 血刃恶魔 Boss 战（无伤害）","https://www.youtube.com/watch?v=vE1O4YOYfmA&pp=ygUGbmlvaCAz","3.14","8374次观看","21小时前"
"Samurai VS Ninja! Comparisons, Strengths & Weaknesses, Which Style Is Best? - Nioh 3 News & Updates武士对忍者！比较、优点与缺点，哪种风格最好？- 仁王3新闻与更新","https://www.youtube.com/watch?v=e_K0qmooeIk&pp=ygUGbmlvaCAz","11.04","8249次观看","5天前"
"416 - PRIMERAS IMPRESIONES NIOH 3, CIFRAS CATASTRÓFICAS DE MICROSOFT, LO DE UBISOFT Y MÁS416 - 《仁王 3》初印象、MICROSOFT 的灾难性数字、育碧的 LO 及更多","https://www.youtube.com/watch?v=X7z_FSTx1d0&pp=ygUGbmlvaCAz","2.22:03","8477次观看","直播时间：2天前"
"BIG Nioh 3 UPDATES - MASSIVE New Gameplay Showcase, TONS of New Gameplay Details + More Nioh 3 News!《仁王3》重大更新——大规模全新游戏展示，大量新游戏细节 + 更多《仁王3》新闻！","https://www.youtube.com/watch?v=6VbBm9ONGwM&pp=ygUGbmlvaCAz0gcJCZEKAYcqIYzv","8.31","7981次观看","5天前"
"10 Important Things You Need To Know About Nioh 3 | Watch Before You Buy你需要知道的关于《仁王3》的10件重要事项 |购买前先看一看","https://www.youtube.com/watch?v=lBy8hQGTweE&pp=ygUGbmlvaCAz","8.40","7993次观看","4天前"
"NIOH 3 Gameplay Español Parte 1 | ES BRUTAL y MUY DIFÍCIL (4K 60FPS)《仁王 3》游戏玩法第一部分 |它残酷且非常难（4K 60FPS）","https://www.youtube.com/watch?v=6hrc4bEh9JQ&pp=ygUGbmlvaCAz","2.24:42","8112次观看","3天前"
"DES BOSS QUI DÉFONCENT | Nioh 3 - LET'S PLAY FR #03DES BOSS QUI DÉFONCENT |仁王 3 - 让我们一起玩 FR #03","https://www.youtube.com/watch?v=QB2hpwKEno0&pp=ygUGbmlvaCAz","59.06","8045次观看","1天前"
"【仁王3 demo】多人模式啟動！穿越時空打妖魔！｜秀康｜Nioh 3【仁王 3 demo】多人模式启动！ 穿越时空打妖魔！ |秀康|Nioh 3","https://www.youtube.com/watch?v=FWFNWaYou7o&pp=ygUGbmlvaCAz","4.57:51","7830次观看","直播时间：2天前"
"Pierwsze Wrażenia z Nioh 3仁王3的第一印象","https://www.youtube.com/watch?v=fNNedRx3_XM&pp=ygUGbmlvaCAz","2.15:06","8987次观看","1天前"
"Nioh 3 - Let's Play Part 10: Hanamatsu Castle仁王3 - 实况实况 第十部分：花松城","https://www.youtube.com/watch?v=FSxeCcfMhMg&pp=ygUGbmlvaCAz","44.50","7372次观看","1天前"
"The FINAL Nioh 3 Demo On PS5 - IS IT GOOD?!?PS5 版《仁王 3》最终试玩版——好玩吗?!?","https://www.youtube.com/watch?v=FexngZVC8fs&pp=ygUGbmlvaCAz","3.05:26","7545次观看","直播时间：2天前"
"Nioh 3 Steam Deck Performance First Look: Is it Playable?《仁王 3》Steam Deck 性能首次亮相：可玩吗？","https://www.youtube.com/watch?v=QIDUEQDhwb0&pp=ygUGbmlvaCAz","15.29","7428次观看","2天前"
"Is Nioh 3 Worth Playing? Here's Everything You Need To Know, Demo Out Soon! - Nioh 3 News & Updates《仁王3》值得玩吗？这里有你需要知道的全部内容，演示即将发布！- 仁王3新闻与更新","https://www.youtube.com/watch?v=9u3Ud6Yse0w&pp=ygUGbmlvaCAz","11.19","6947次观看","3天前"
"NIOH 3 está aqui! Joguei, vi o mundo aberto e digo a vocês...仁王3号来了！我玩过，我看到了开放世界，我告诉你......","https://www.youtube.com/watch?v=LPr6guKIXU4&pp=ygUGbmlvaCAz","20.25","6736次观看","3天前"
"Depth 5 Nightreign Gaming | Nioh 3 Demo AfterDepth5 夜之统游戏 |仁王 3 试玩版后","https://www.youtube.com/watch?v=U4tUnwCwoRQ&pp=ygUGbmlvaCAz","6.06:41","6750次观看","直播时间：21小时前"
"Nioh 3 | Cozy Stream | January 29th仁王3 |温馨的小溪 |1月29日","https://www.youtube.com/watch?v=YGKyYmbeDEE&pp=ygUGbmlvaCAz","2.03:09","7620次观看","直播时间：1天前"
"Dual Katana Ninja IS OP | Early Build Sneak Peak - Nioh 3 Gameplay Tips双刀忍者是 OP |早期构建抢先看——仁王 3 游戏技巧","https://www.youtube.com/watch?v=wuHt-X1XxkQ&pp=ygUGbmlvaCAz","10.02","6526次观看","1天前"
"Nioh 3 Demo Breakdown, Exclusive Rewards, All Available Gameplay Explained - Nioh 3 News & Updates仁王3试玩解析、独家奖励、所有可用游戏内容解析——仁王3新闻与更新","https://www.youtube.com/watch?v=WFRfESqOjC0&pp=ygUGbmlvaCAz","9.21","6520次观看","1天前"
"Nioh 3 - Let's Play Part 7: Hamamatsu仁王3 - 让我们一起玩 第七部分：滨松","https://www.youtube.com/watch?v=Uz9AGEF_wBo&pp=ygUGbmlvaCAz","30.37","7270次观看","1天前"
"NIOH 3 Gameplay [Full Game] - The Adventure Continues...《仁王3》游戏玩法【完整版】——冒险继续......","https://www.youtube.com/watch?v=R5fwJTnjato&pp=ygUGbmlvaCAz","4.40:31","6342次观看","直播时间：1天前"
"NIOH 3 Gameplay - Exploring Open World & Hamamatsu Crucible仁王3玩法——探索开放世界与滨松熔炉","https://www.youtube.com/watch?v=xnS2detQ64I&pp=ygUGbmlvaCAz0gcJCZEKAYcqIYzv","4.19:51","6406次观看","直播时间：2天前"
"Team Ninja ARRUINÓ Nioh 3 con Esta Decisión忍者队用这个决定毁了《仁王3》","https://www.youtube.com/watch?v=bOGh5kygcSk&pp=ygUGbmlvaCAz0gcJCZEKAYcqIYzv","15.31","6674次观看","8小时前"
"LE VRAI JEU COMMENCE | Nioh 3 - LET'S PLAY FR #05真正的游戏开始了 |仁王3 - 英国版 #05","https://www.youtube.com/watch?v=84L42aZcnnA&pp=ygUGbmlvaCAz","1.00:14","6047次观看","17小时前"
"Thank You Team Ninja | Nioh 3谢谢忍者队|仁王3","https://www.youtube.com/watch?v=IdEYkMp742E&pp=ygUGbmlvaCAz","0.34","1万次观看","1天前"
"Powerful Early or Uninstall! - Nioh 3强力提前或卸载！- 仁王3","https://www.youtube.com/watch?v=TC2i6j3C6oY&pp=ygUGbmlvaCAz","3.26:53","6380次观看","直播时间：1天前"
"The Ending Demo Boss | Nioh 3 Gameplay #2结局演示 Boss |仁王 3 游戏玩法#2","https://www.youtube.com/watch?v=OJxcliPHr-Q&pp=ygUGbmlvaCAz","1.42:46","1万次观看","13小时前"
"Nioh 3 | RTX 5050, 5060, 5060 Ti, 5070, 5080, 5090仁王 3 |RTX 5050、5060、5060 Ti、5070、5080、5090","https://www.youtube.com/watch?v=qTe_gXfUNe0&pp=ygUGbmlvaCAz","18.01","6206次观看","2天前"
"Nioh 3 Early Sneak Peek ?!仁王3抢先看？！","https://www.youtube.com/watch?v=Dbb9F5r16gs&pp=ygUGbmlvaCAz","3.31:57","5705次观看","直播时间：1天前"
"how flux 1 and flux 2 work in nioh 3 in less than 4 min《仁王 3》中 Flux 1 和 Flux 2 在不到 4 分钟内的工作原理","https://www.youtube.com/watch?v=kWEudbn62ss&pp=ygUGbmlvaCAz","3.53","5830次观看","2天前"
"WOW! Das ist EXTREM gut! - NIOH 3 Gameplay Deutsch Part 1哇！这非常棒！- NIOH 3 游戏玩法 德语 第一部分","https://www.youtube.com/watch?v=aqy792WDt98&pp=ygUGbmlvaCAz","3.20:28","6060次观看","1天前"
"Nioh 3 – Takeda Shingen, Tiger of Kai Boss Fight (NO DAMAGE)仁王 3 – 武田信玄，界王虎 Boss 战（无伤害）","https://www.youtube.com/watch?v=m7umYO6gbQo&pp=ygUGbmlvaCAz","6.41","5563次观看","3天前"
"NIOH 3 DEMO WITH FULL PROGRESS TRANSFER!《仁王3》试玩版，附带完整进度转移！","https://www.youtube.com/watch?v=jFnMKTx2Zrk&pp=ygUGbmlvaCAz","9.07:05","5922次观看","直播时间：2天前"
"NIOH 3 DEMO | First Impressions仁王3演示 |第一印象","https://www.youtube.com/watch?v=y7_M9_r_d7g&pp=ygUGbmlvaCAz","5.53:56","5582次观看","直播时间：2天前"
"Zagrajmy w Nioh 3 - POCZĄTEK GRY i BOSS [#01]《仁王 3》- 游戏开始与 BOSS [#01]","https://www.youtube.com/watch?v=NoFip6ewLXU&pp=ygUGbmlvaCAz","1.19:53","6001次观看","2天前"
"Nioh 3 Early Access Samurai Ninja Warrior Live With Wolf! Part 3《仁王3》抢先体验版 武士忍者无双 与狼同在！第三部分","https://www.youtube.com/watch?v=gN1aHphmjtM&pp=ygUGbmlvaCAz","9.18:31","5118次观看","直播时间：13小时前"
"【ゲーム】仁王3 体験版 やはり面白い！体験版の感じでは仁王2以上の完成度かも・・【游戏】仁王3试玩版 果然很有趣！ 从试玩版的感觉来看，它可能比《仁王2》更完整......","https://www.youtube.com/watch?v=2hM8o1WnOO8&pp=ygUGbmlvaCAz","6.34","5271次观看","1天前"
"Nioh 3 Demo (PS5) | Part 1 of 2仁王 3 试玩版（PS5） |第一部分，共二部分","https://www.youtube.com/watch?v=epyxtuwJ1qg&pp=ygUGbmlvaCAz","3.35:13","5560次观看","直播时间：2天前"
"Playing Through The First Hour Of NIOH 3!正在通关《仁王3》的第一个小时！","https://www.youtube.com/watch?v=OA8V40Gk8CE&pp=ygUGbmlvaCAz","1.01:33","4898次观看","3天前"
"The FINAL Nioh 3 Demo On PS5 Is HUGE But IS IT GOOD?!? (Part 2)PS5 上的《仁王 3》最终试玩版规模巨大，但它真的好玩吗?!?（第二部分）","https://www.youtube.com/watch?v=bYCiVIL9twk&pp=ygUGbmlvaCAz","3.38:00","5254次观看","直播时间：1天前"
"仁王3：開放世界點解係豪賭？雙職業令刷裝體驗完全唔同晒？｜Nioh 3｜香港人遊戲雜談仁王 3：开放世界点解系豪赌？ 双职业令刷装体验完全唔同晒？ |Nioh 3|香港人游戏杂谈","https://www.youtube.com/watch?v=vyGuCMVQrac&pp=ygUGbmlvaCAz","10.38","4821次观看","5天前"
"Nioh 3 - ALL WEAPONS - Samurai & Ninja Gameplay 4K仁王 3 - 所有武器 - 武士与忍者玩法 4K","https://www.youtube.com/watch?v=IjXSKHkJFXM&pp=ygUGbmlvaCAz0gcJCZEKAYcqIYzv","12.57","4791次观看","1天前"
"Nioh 3 | أول تجربة 🔥 هل تنافس الدرينغ ؟ + 😳!仁王 3 |第一次体验🔥时，你是和 DRING 竞争吗？+ 😳!","https://www.youtube.com/watch?v=MB18KK28UE4&pp=ygUGbmlvaCAz0gcJCZEKAYcqIYzv","56.13","4660次观看","2天前"
"NIOH 3 - GUIA BÁSICO - AS MELHORES DICAS PRA FACILITAR SUA JORNADANIOH 3 - 基础指南 - 让你的旅程更轻松的最佳建议","https://www.youtube.com/watch?v=3j6sjAZPIqY&pp=ygUGbmlvaCAz","10.14","4972次观看","2天前"
"Nioh 3 Gameplay Part 1 In 4K HD - 37 Minutes Of Gameplay《仁王 3》游戏体验第一部分 4K 高清 - 37 分钟游戏时长","https://www.youtube.com/watch?v=5CQFkkaAPXg&pp=ygUGbmlvaCAz","37.12","4614次观看","3天前"
"NIOH 3 - Part 2仁王3 - 第二部分","https://www.youtube.com/watch?v=BkrJhq_Mk08&pp=ygUGbmlvaCAz","4.54:36","4735次观看","直播时间：2天前"
"NIOH 3 DEMO JE TU!仁王3的试玩版来了！","https://www.youtube.com/watch?v=IXrIlMocPUc&pp=ygUGbmlvaCAz","2.19:54","5216次观看","1天前"
"Смотрим Nioh 3 и Cairn正在观看《仁王3》和《凯恩》","https://www.youtube.com/watch?v=IZBGSA3INEg&pp=ygUGbmlvaCAz","6.05:02","4794次观看","1天前"
"Nioh 3 Might Be My Favorite Soulslike | Live Gameplay仁王3可能是我最喜欢的魂系游戏 |实时游戏","https://www.youtube.com/watch?v=ovvRANGjVIg&pp=ygUGbmlvaCAz","1.35:07","6978次观看","1天前"
"Nioh 3 Gameplay Review: A Masterpiece of Ninja Gameplay [UCG]仁王 3 游戏评测：忍者游戏的杰作 [UCG]","https://www.youtube.com/watch?v=BhN2OTu9QkQ&pp=ygUGbmlvaCAz","14.39","4208次观看","2天前"
"I Became The Ultimate Ninja! | Nioh 3 Full Game - Ninja Dual Katana Gameplay Playthrough EP. 1我成为了终极忍者！|仁王 3 完整版 - 忍者双刀游戏通关 EP. 1","https://www.youtube.com/watch?v=0sWmxmLbuFg&pp=ygUGbmlvaCAz","34.50","4259次观看","2天前"
"Nioh 3 - Las horas iniciales | 3GB仁王 3 - 开幕时刻 |3GB","https://www.youtube.com/watch?v=Vl6eL7arsG0&pp=ygUGbmlvaCAz0gcJCZEKAYcqIYzv","2.04:44","4254次观看","直播时间：2天前"
"🔴Live! Nioh 3 Gameplay Pure Ninja Part 1🔴活着！仁王3纯忍者玩法 第一部分","https://www.youtube.com/watch?v=ZZK8N55AQaM&pp=ygUGbmlvaCAz","3.47:25","4189次观看","直播时间：2天前"
"NIOH 3 -  O INÍCIO de GAMEPLAY em 4K60 .. Legendado em Português BR!仁王 3——4K60 游戏的开端......葡萄牙语字幕：BR！","https://www.youtube.com/watch?v=gW5DXRwECh0&pp=ygUGbmlvaCAz","1.15:28","4071次观看","3天前"
"NIOH 3 - EndymionTv Plays仁王3 - 恩底弥翁电视播放","https://www.youtube.com/watch?v=j6ITS57THWM&pp=ygUGbmlvaCAz","3.36:17","4354次观看","直播时间：2天前"
"NIOH 3 : AVANT de l'acheter, vous devez savoir ça ! 💥 Gameplay, Armes, Histoire, Editions..仁王3：在你购买之前，你需要知道这一点！💥 游戏玩法、武器、历史、版本......","https://www.youtube.com/watch?v=yyTsBAB6Lig&pp=ygUGbmlvaCAz","9.49","4280次观看","16小时前"
"THE THREE NEW FEATURES OF NIOH 3 (FINAL IMPRESSIONS)仁王3的三大新功能（最终印象）","https://www.youtube.com/watch?v=8bRy4t2dCRs&pp=ygUGbmlvaCAz","40.29","3951次观看","1天前"
"Nioh 3 Demo - All Boss Fights (No Damage)仁王 3 演示版 - 所有 Boss 战（无伤害）","https://www.youtube.com/watch?v=MiHVeEgSBDk&pp=ygUGbmlvaCAz","20.37","4146次观看","2天前"
"Nioh 3 Demo (PS5) | Part 2 of 2仁王 3 试玩版（PS5） |第二部分，共二部分","https://www.youtube.com/watch?v=pIXuIACq_hI&pp=ygUGbmlvaCAz0gcJCZEKAYcqIYzv","3.44:36","3860次观看","直播时间：1天前"
"Nioh 3 | Demo Content Carries Into Game Release | Part 2仁王3 |试玩版内容将延续至游戏发布 |第二部分","https://www.youtube.com/watch?v=geaTVW9psAw&pp=ygUGbmlvaCAz","45.31","4416次观看","2天前"
"🎮🚨 AO VIVO -  NIOH 3 - JOGANDO ACESSO ANTECIPADO - EXCLUSIVO DE CONSOLES -  PS5 PRO #nioh3🎮🚨 实况 - 《仁王 3》- 抢先体验 - 主机独占 - PS5 PRO #nioh3","https://www.youtube.com/watch?v=B3n0oSh6Ovg&pp=ygUGbmlvaCAz","2.17:26","3982次观看","直播时间：2天前"
"NIOH 3 erklärt: Lohnt sich das Spiel für dich? | Ehrlicher Überblick vor dem Kauf《仁王3》解释：这款游戏值得你玩吗？|购买前的诚实概述","https://www.youtube.com/watch?v=FJphIQVt9Oo&pp=ygUGbmlvaCAz","8.56","3841次观看","3天前"
"MORE OF THE SAME?! Nioh 3 Demo Live!还是老样子？！仁王3试玩现场！","https://www.youtube.com/watch?v=w_O81FoHq8M&pp=ygUGbmlvaCAz","1.34:38","3848次观看","直播时间：2天前"
"Nioh 3: Dicas iniciais para ter o COMEÇO PERFEITO!!仁王3：完美开局的初步建议！！","https://www.youtube.com/watch?v=3qxnJ73qwcQ&pp=ygUGbmlvaCAz","6.00","3654次观看","1天前"
"Don't Buy Nioh 3 - Nioh 3 Is GARBAGE!别买《仁王3》——《仁王3》简直是垃圾！","https://www.youtube.com/watch?v=Pz5d5QdY8-A&pp=ygUGbmlvaCAz","8.32","3634次观看","3天前"
"Nioh 3 - PS5 vs PS5 PRO Graphics & Frame Rate Comparison仁王 3 - PS5 vs PS5 PRO 的画面与帧率对比","https://www.youtube.com/watch?v=KTOjpZb6X70&pp=ygUGbmlvaCAz","14.28","3957次观看","2天前"
"Yamagata Masakage Boss - Nioh 3 Gameplay Part 1 (FULL GAME)山形正景 Boss - 仁王 3 游戏玩法第一部分（完整版）","https://www.youtube.com/watch?v=dNyd3sglLH4&pp=ygUGbmlvaCAz","2.38:49","4601次观看","22小时前"
"NIOH 1 - The Full Story Explained - Before You Play Nioh 3《仁王1》——完整故事解说——在你玩《仁王3》之前","https://www.youtube.com/watch?v=7PATxN5OHNs&pp=ygUGbmlvaCAz","13.38","3413次观看","2天前"
"Nioh 3 | First Impressions仁王3 |第一印象","https://www.youtube.com/watch?v=JlKVCQYSQ3I&pp=ygUGbmlvaCAz","5.00:40","3634次观看","直播时间：1天前"
"🔴DW3 Remaster Gameplay Reaction THEN Nioh 3 - Join the Valentines Day Tournament! ⚔️🔴《真·三国重制版》玩法反应，然后加入《仁王3》——加入情人节大赛吧！⚔️","https://www.youtube.com/watch?v=OMgkRw1rJvY&pp=ygUGbmlvaCAz","2.20:09","3272次观看","直播时间：2天前"
"Nioh 3 Let's Play (Part 1) - The Fall of Edo Castle (PS5) @PWARGaming仁王 3 实况（上）- 江户城的陨落（PS5）@PWARGaming","https://www.youtube.com/watch?v=iDVbBXRINEI&pp=ygUGbmlvaCAz","1.19:55","3349次观看","3天前"
"Nioh 3 is Already in the Running for GOTY 2026: Early Impressions《仁王3》已经进入2026年度年度游戏的竞争者名单：早期印象","https://www.youtube.com/watch?v=FDByVbjqc2I&pp=ygUGbmlvaCAz","12.18","3450次观看","3天前"
"Nioh 3 - Gameplay Walkthrough Part 1 (PS5 Pro) No Commentary仁王 3 - 游戏演示攻略第一部分（PS5 Pro）无解说","https://www.youtube.com/watch?v=8y3oWixrKoI&pp=ygUGbmlvaCAz","6.07:03","3789次观看","3天前"
"Nioh 3 is guaranteed to be a great game if it comes out like this [Showcase Brief Review]如果《仁王3》能以这样的方式发布，它一定会是一款很棒的游戏【展示简报评测】","https://www.youtube.com/watch?v=ws43rIG-H4U&pp=ygUGbmlvaCAz","3.19","3624次观看","2天前"
"Nioh 3 INSANE BEGINNERS KATANA BUILD! DESTROY THE GAME EARLY🔥仁王3：疯狂初学者武士刀构建！早🔥早摧毁比赛","https://www.youtube.com/watch?v=L4PcxgkHRNo&pp=ygUGbmlvaCAz","5.49","3161次观看","1天前"
"NIOH 3 ПОЛНОЕ ПРОХОЖДЕНИЕ НА РУССКОМ #2 [4K PS5 PRO] | Ниох 3 Прохождение и Обзор《仁王 3》完整英文攻略 #2 [4K PS5 PRO] |Nioch 3 攻略与评测","https://www.youtube.com/watch?v=1cZLwN-R9Pk&pp=ygUGbmlvaCAz","3.24:45","3060次观看","直播时间：1天前"
"NIOH 3 - Part 3仁王3 - 第三部分","https://www.youtube.com/watch?v=FQJcAjZppBs&pp=ygUGbmlvaCAz","5.22:42","2991次观看","直播时间：1天前"
"Nioh 3 - I HAVE THE FULL GAME! Let's SPEEDRUN IT?? 仁王3 Livestream仁王3——我有完整版游戏！我们速通一下？？仁王3直播","https://www.youtube.com/watch?v=RFAUrTQLMVo&pp=ygUGbmlvaCAz","3.57:14","3349次观看","直播时间：1天前"
"Nioh 3: Easy No Nonsense COOP Guide仁王3：简单无废话合作指南","https://www.youtube.com/watch?v=-Pf6fHp4EDA&pp=ygUGbmlvaCAz","2.01","2708次观看","2天前"
"NIOH 3 : RTX 3060 TI (4K, 1440p & 1080p)NIOH 3：RTX 3060 TI（4K，1440p 和 1080p）","https://www.youtube.com/watch?v=AWTNlW4-NuQ&pp=ygUGbmlvaCAz","10.30","3147次观看","2天前"
"Nioh 3 - True Shinobi Gameplay - Fast Paced Brutal Action 4K仁王 3 - 真正的忍者玩法 - 快节奏残酷动作 4K","https://www.youtube.com/watch?v=H-SsscfLoiY&pp=ygUGbmlvaCAz","8.25","2998次观看","2天前"
"I'm Addicted To Ninja! Jakotsu Baba | Nioh 3 Dual Katana Gameplay Playthrough Ep 2我迷上了忍者！蛇骨马场 |仁王3双刀游戏实况 第二集","https://www.youtube.com/watch?v=8MBQnK9Fn9M&pp=ygUGbmlvaCAz","26.46","2914次观看","1天前"
"NIOH 3: The hype is REAL! Gameplay review and impressions.仁王3：炒作是真的！游戏体验评测与印象。","https://www.youtube.com/watch?v=S92omRt4N8E&pp=ygUGbmlvaCAz","17.01","2913次观看","4天前"
"PS5 | Nioh 3 - PS5 특징 트레일러 (4K)PS5 |仁王 3 - PS5 特色预告片（4K）","https://www.youtube.com/watch?v=bdAt6_PcHVg&pp=ygUGbmlvaCAz","0.51","2584次观看","1天前"
"Nioh 3 | Demo Content Carries Into Game Release | Part 3仁王3 |试玩版内容将延续至游戏发布 |第三部分","https://www.youtube.com/watch?v=NJmVITC9cks&pp=ygUGbmlvaCAz","46.30","2638次观看","2天前"
"NIOH 3 #03 – Velhos Conhecidos | Gameplay PS5 PT-BRNIOH 3 #03 – Velhos Conhecidos |游戏玩法 PS5 PT-BR","https://www.youtube.com/watch?v=pFKGiYwvEOU&pp=ygUGbmlvaCAz","4.19:29","8879次观看","10小时前"
"Nioh 3 Guide & Tips | How to Get Started! French Tutorial《仁王3》攻略与技巧 |如何开始！法语教程","https://www.youtube.com/watch?v=z8LysT7dOXk&pp=ygUGbmlvaCAz","11.01","2650次观看","1天前"
"Nioh 3: Early Access Gameplay! Character Creator, Tutorial, New Gameplay & More仁王3：抢先体验玩法！角色创建器、教程、新玩法等","https://www.youtube.com/watch?v=JvO83_ZJ7QM&pp=ygUGbmlvaCAz","33.38","2903次观看","3天前"
"Nioh 3 - Let's Play Part 11: Princess Tsubaki仁王 3 - Let's Play 第 11 部分：椿公主","https://www.youtube.com/watch?v=uQlStu9xjg4&pp=ygUGbmlvaCAz","45.37","4574次观看","11小时前"
"NIOH 3 DEMO: THE FORBIDDEN DOOR! 🔒 HOW TO GET OP ITEMS EARLY (EXCLUSIVE BUG)仁王 3 试玩版：禁忌之门！🔒 如何提前获得强力物品（独家 BUG）","https://www.youtube.com/watch?v=PLgkBSb6tU4&pp=ygUGbmlvaCAz","3.59","2411次观看","1天前"
"Nioh 3 - Yamagata Masakage Boss Fight (No Damage)仁王 3 - 山形正景 Boss 战（无伤害）","https://www.youtube.com/watch?v=ZLCcmPMEE6M&pp=ygUGbmlvaCAz","7.26","2625次观看","1天前"
"HOW TO BEAT Yamagata Masakage BOSS EASY GUIDE | Nioh 3如何击败山形正景 BOSS 简易攻略 |仁王 3","https://www.youtube.com/watch?v=_M7Vb_3DOXw&pp=ygUGbmlvaCAz","3.15","2440次观看","1天前"
"NIOH 3 I AM Reviewing it- Deep Dive Breakdown - ASK ME ANYTHING仁王3 我正在评测——深入解析——随时问我任何问题","https://www.youtube.com/watch?v=DEPVjgn2scE&pp=ygUGbmlvaCAz","16.47","2528次观看","5天前"
"Nioh 3 ROG ALLY Z1 Extreme Performance: Is it Playable?仁王 3 ROG ALLY Z1 极限性能：能玩吗？","https://www.youtube.com/watch?v=jZroVrnidD4&pp=ygUGbmlvaCAz0gcJCZEKAYcqIYzv","8.23","2297次观看","2天前"
"NIOH 3 GAMEPLAY - IS THIS GAME GOOD? PC 1440p60《仁王 3》玩法——这款游戏好玩吗？PC 1440p60","https://www.youtube.com/watch?v=Rev9oxqbRnw&pp=ygUGbmlvaCAz","6.25:15","2356次观看","直播时间：1天前"
"Nioh 3 | RTX 5070 4K, 1440p, 1080p DLSS 4.5 Multi Frame Generation | i7 14700F | PC Performance仁王 3 |RTX 5070 4K，1440p，1080p DLSS 4.5 多帧生成 |i7 14700F |PC 性能","https://www.youtube.com/watch?v=0N4B1ebC7Yc&pp=ygUGbmlvaCAz","13.31","2266次观看","2天前"
"ภาคใหม่นิ้วจะพันกันเหมือนภาคก่อนๆมั้ย - Nioh 3 (DEMO)新作会像上一部那样交织在一起吗？- 仁王3（演示版）","https://www.youtube.com/watch?v=3GGZlXf2hSU&pp=ygUGbmlvaCAz","7.48:10","2953次观看","直播时间：2天前"
"Nioh 3 Impressions: Is It Worth Your Time?《仁王3》印象：值得你花时间吗？","https://www.youtube.com/watch?v=flZOUZYzPPY&pp=ygUGbmlvaCAz","14.28","2404次观看","19小时前"
"Nioh 3 (PS5) | FULL GAME SPOILERS | Part 3仁王 3（PS5） |完整游戏剧透 |第三部分","https://www.youtube.com/watch?v=x6SAsHohXzA&pp=ygUGbmlvaCAz0gcJCZEKAYcqIYzv","4.13:00","2408次观看","直播时间：1小时前"
"Nioh 3 - Gaki Chief Boss Fight (No Damage)仁王 3 - 加基首领 Boss 战（无伤害）","https://www.youtube.com/watch?v=-G5AJcYsjmY&pp=ygUGbmlvaCAz","2.11","2315次观看","1天前"
"Nioh 3 Pretty Female Character Creation full sliders仁王3：漂亮女性角色创建全滑块","https://www.youtube.com/watch?v=ddVpwqT89nE&pp=ygUGbmlvaCAz","6.03","2192次观看","2天前"
"Nioh 3 Demo Max Settings DLSS 4K | RTX 5090 | R9 9950X3D《仁王 3》演示最大设置 DLSS 4K |RTX 5090 |R9 9950X3D","https://www.youtube.com/watch?v=c-kVQCC-cog&pp=ygUGbmlvaCAz","19.45","2484次观看","2天前"
"Nioh 3 FULL Gameplay DAY 1仁王3完整游戏体验 第一天","https://www.youtube.com/watch?v=f48fTw7Z_v8&pp=ygUGbmlvaCAz","6.55:25","2046次观看","直播时间：1天前"
"NIOH 3 no PC! DESEMPENHO E OTIMIZAÇÃO, tá jogável?《仁王 3》PC 版！性能与优化，游戏可玩吗？","https://www.youtube.com/watch?v=B_iuvNS39p0&pp=ygUGbmlvaCAz","10.55","1968次观看","2天前"
"NIOH 3 - Part 4仁王3 - 第四部分","https://www.youtube.com/watch?v=iQdVWHh3pUg&pp=ygUGbmlvaCAz0gcJCZEKAYcqIYzv","5.07:07","2514次观看","直播时间：8小时前"
"Nioh 3 - 50 Minutes of PS5 Pro Demo Gameplay @ 4K 60ᶠᵖˢ ✔仁王 3 - 50 分钟 PS5 Pro 演示游戏 @ 4K 60fps ✔","https://www.youtube.com/watch?v=9WkwdnhBAYs&pp=ygUGbmlvaCAz","50.09","2383次观看","3天前"
"Bevor du KAUFST!💀 DAS musst du JETZT vorab über NIOH 3 wissen!🔥在你购买之前！💀现在就告诉你需要提前了解的关于《仁王3》的内容！ 🔥","https://www.youtube.com/watch?v=cY1VPwTMuis&pp=ygUGbmlvaCAz","8.38","2209次观看","6天前"
"Nioh 3 - Full Character Customization仁王3 - 完整角色自定义","https://www.youtube.com/watch?v=TkY1KuRtXN4&pp=ygUGbmlvaCAz","19.24","1944次观看","3天前"
"[Nioh 3] A Preview of the Latest Nioh Series, a Game That Will Satisfy Newcomers and Veterans alike[仁王3]最新《仁王》系列的预览，这款游戏既能满足新手，也能满足老玩家","https://www.youtube.com/watch?v=tviO422Temk&t=295s&pp=ygUGbmlvaCAz","10.58","1910次观看","19小时前"
"Answering ALL QUESTIONS NIOH 3 with 50 hours PLAYED回答所有关于《仁王3》且已玩50小时的问题","https://www.youtube.com/watch?v=lyH24pEkGj4&pp=ygUGbmlvaCAz","26.14","1798次观看","1天前"
"Nioh 3 | Demo Content Carries Into Game Release | Part 4仁王3 |试玩版内容将延续至游戏发布 |第四部分","https://www.youtube.com/watch?v=uZL27u5Wxww&pp=ygUGbmlvaCAz","38.45","1736次观看","2天前"
"Nioh 3 Demo végigjátszás stream ( magyar / HUN )仁王3演示攻略流（英文/匈牙利语）","https://www.youtube.com/watch?v=t98e5fB9CCw&pp=ygUGbmlvaCAz0gcJCZEKAYcqIYzv","4.42:04","1898次观看","直播时间：1天前"
"GTX 1060 - RX 9060 XT - RTX 4070 ~ Nioh 3 Demo | 1080P, 1440P & 4K Performance Test | DLSS 4.5 - FSRGTX 1060 - RX 9060 XT - RTX 4070 ~ 仁王 3 演示 |1080P、1440P 和 4K 性能测试 |DLSS 4.5 - FSR","https://www.youtube.com/watch?v=JXI5JL2kJ6U&pp=ygUGbmlvaCAz","22.31","1770次观看","2天前"
"Nioh 3 Demo (PC) | Warlords & Yokai Grab Defeat Compilation #1仁王 3 试玩版（PC） |七武海与妖怪抓取击败合集#1","https://www.youtube.com/watch?v=Q-QmjgZwyog&pp=ygUGbmlvaCAz","12.02","1811次观看","1天前"
"1-تختيم الديمو  || Nioh 3 ||  البدايه1-演示结束 ||仁王3 ||起源","https://www.youtube.com/watch?v=nNXtTyCwp-s&pp=ygUGbmlvaCAz","22.35","1757次观看","1天前"
"Nioh 3 - Primeira Vez que Jogo a Série仁王3——我第一次玩这个系列","https://www.youtube.com/watch?v=xrX4ApMurN0&pp=ygUGbmlvaCAz","27.04","1736次观看","1天前"
"Nioh 3 PS5 Pro Gameplay [Enhanced]仁王 3 PS5 Pro 游戏体验[增强版]","https://www.youtube.com/watch?v=xZpIitnJiyw&pp=ygUGbmlvaCAz","20.02","1872次观看","3天前"
"Nioh 3 How To Use Guardian Spirits Ultimate Guide!《仁王3：守护灵终极指南》！","https://www.youtube.com/watch?v=PQUw2Rf32nE&pp=ygUGbmlvaCAz","7.53","1605次观看","2天前"
"Nioh 3: Test Your Might ⚔️ | PS5 Games仁王 3：试探你的力量 ⚔️ |PS5 游戏","https://www.youtube.com/watch?v=mWn6RLDk8ko&pp=ygUGbmlvaCAz","4.14","1544次观看","3天前"
"Nioh 3 - Tráiler de características en PS5 | PlayStation España仁王 3 - PS5 功能预告片 |PlayStation 英国版","https://www.youtube.com/watch?v=88_tAiF5jP8&pp=ygUGbmlvaCAz","0.51","1752次观看","2天前"
"Nioh 3 - Official PS5 Features Trailer《仁王 3》- 官方 PS5 功能预告片","https://www.youtube.com/watch?v=gbEkMchta2w&pp=ygUGbmlvaCAz","0.51","1558次观看","2天前"
"Nioh 3 How To Use Deflect Ultimate Guide!《仁王3：如何使用反弹终极攻略》！","https://www.youtube.com/watch?v=5EEmwCEUqsM&pp=ygUGbmlvaCAz","3.49","1590次观看","2天前"
"NIOH 3 Gameplay Walkthrough Part 1 FULL GAME [4K 60FPS PS5 PRO] - No Commentary仁王 3 游戏演示攻略 第一部分 完整游戏 [4K 60FPS PS5 PRO] - 无解说","https://www.youtube.com/watch?v=3XSKrnvoIoQ&pp=ygUGbmlvaCAz","11.09:31","6883次观看","4小时前"
"What happens if you beat Tokugawa Kunimatsu at the start of Nioh 3?如果你在《仁王3》开头打败了德川国松，会发生什么？","https://www.youtube.com/watch?v=gg4O_wmLwH0&pp=ygUGbmlvaCAz","9.20","1947次观看","1天前"
"Nioh 3 Showcase Video Reaction and discussion with chat仁王3展示视频互动与聊天讨论","https://www.youtube.com/watch?v=P5yC-Te9htM&pp=ygUGbmlvaCAz","22.15","1515次观看","6天前"
"Nioh 3 Final Beta Review仁王3最终测试评测","https://www.youtube.com/watch?v=RBcksNRkmKk&pp=ygUGbmlvaCAz","13.41","1588次观看","1天前"
"MANCAM BATAIE RAU DE TOT IN NIOH 3我们在《仁王3》中吃了狠毒的打","https://www.youtube.com/watch?v=7caIfxA4-n8&pp=ygUGbmlvaCAz","4.32:11","1959次观看","直播时间：2小时前"
"Nioh 3 - Let's Play Part 14: Maisaka Post仁王3 - 实况 第14部分：舞坂帖子","https://www.youtube.com/watch?v=70foqq2R12M&pp=ygUGbmlvaCAz","29.18","1517次观看","5小时前"
"오픈월드로 돌아온 요괴 잡는 게임 | 인왕3 (Nioh 3) 데모플레이捕捉妖怪游戏重返开放世界 |仁王3试玩","https://www.youtube.com/watch?v=9rjk0dGlRsA&pp=ygUGbmlvaCAz","4.17:44","1430次观看","2天前"
"Nioh 3 FULL Gameplay DAY 2仁王3 完整游戏体验 第二天","https://www.youtube.com/watch?v=V4Gf5mjQkMM&pp=ygUGbmlvaCAz","5.33:24","1408次观看","直播时间：18小时前"
"NIOH 3 🔥 DUAS LÂMINAS, UM DESTINO! | PRIMEIRA VEZ JOGANDO仁王3 🔥 双刀一命运！ |第一次玩","https://www.youtube.com/watch?v=tZ64qSbav9g&pp=ygUGbmlvaCAz","9.32:13","1348次观看","直播时间：2天前"
"How to break NIOH 3 demo final boss如何突破《仁王 3》试玩版最终 Boss","https://www.youtube.com/watch?v=WYIXzwzxVgE&pp=ygUGbmlvaCAz","1.36","2132次观看","1天前"
"NIOH 3 - #1 - INÍCIO DO JOGO COMPLETO - Legendado PT-BR PC仁王 3 - #1 - 完整游戏开始 - 字幕 PT-BR PC 版","https://www.youtube.com/watch?v=yROagocvlFw&pp=ygUGbmlvaCAz","4.23:13","1401次观看","2天前"
"Nioh 3 Demo Max Settings, DLAA 4K | RTX 5090 | R9 9950X3D《仁王 3 演示最大设置》，DLAA 4K |RTX 5090 |R9 9950X3D","https://www.youtube.com/watch?v=JofU1r8mx3k&pp=ygUGbmlvaCAz","24.58","1444次观看","21小时前"
"NIOH 3 does ALMOST EVERYTHING right and BETTER!《仁王3》几乎所有方面都做得更好！","https://www.youtube.com/watch?v=B45xj9XnCQI&pp=ygUGbmlvaCAz","17.31","1397次观看","1天前"
"FIRST IN GAME XP LVL UP FAST Amrita FARM GUIDE | Nioh 3游戏首次经验快速升级 Amrita 农场指南 |仁王 3","https://www.youtube.com/watch?v=Dr4YQ-2BOEU&pp=ygUGbmlvaCAz","1.06","1676次观看","1天前"
"Nioh 3 DLSS 4.5 Compared to DLSS 4仁王 3 DLSS 4.5 与 DLSS 4 的比较","https://www.youtube.com/watch?v=OAGU3ryUxfg&pp=ygUGbmlvaCAz","5.15","1439次观看","1天前"
"Nioh 3 - Ryzen 3 3200G - Ryzen 5 3400G - Ryzen 5 5600G - Ryzen 7 5700G - 8500G - 8600G - 8700G仁王 3 - 锐龙 3 3200G - 锐龙 5 3400G - 锐龙 5 5600G - 锐龙 7 5700G - 8500G - 8600G - 8700G","https://www.youtube.com/watch?v=z10Piu8kvKw&pp=ygUGbmlvaCAz","17.15","1330次观看","1天前"
"Welcome Nioh 3, Deflect Odachi Ninja Style欢迎《仁王3》，以忍者风格偏转大太刀","https://www.youtube.com/watch?v=hJ3lXJIKXyk&pp=ygUGbmlvaCAz","0.23","1343次观看","1天前"
"🔴 Nioh 3 100% Full Game Playthrough Day 2 - Finishing up First world (PS5 JP Dub)🔴 《仁王 3》100%完整通关 第二天——完成第一世界（PS5 日版配音）","https://www.youtube.com/watch?v=Cfi-935EdwE&pp=ygUGbmlvaCAz","5.26:01","1299次观看","直播时间：8小时前"
"Nioh 3 - RX 580 | 1080p - All Settings仁王 3 - RX 580 |1080p - 所有设置","https://www.youtube.com/watch?v=LN1EpxuIV2M&pp=ygUGbmlvaCAz","21.43","1270次观看","3天前"
"Nioh 3 Demo Is Finally Here | First Gameplay Impressions仁王3试玩版终于来了 |初次游戏体验","https://www.youtube.com/watch?v=z1aD-FY-LIw&pp=ygUGbmlvaCAz2AYp0gcJCZEKAYcqIYzv","24.21","1240次观看","2天前"
"NIOH 3 EARLY ACCESS! MASTERING PARRY + GOD TIER BUILD MAKING | Nioh 3仁王3抢先体验！掌握招架+神级构建 |仁王3","https://www.youtube.com/watch?v=gf9xBGjndDs&pp=ygUGbmlvaCAz","4.39:23","1114次观看","直播时间：1天前"
"Nioh 3 | Demo Content Carries Into Game Release | Part 5仁王3 |试玩版内容将延续至游戏发布 |第五部分","https://www.youtube.com/watch?v=0CfP4Vvwa_w&pp=ygUGbmlvaCAz","44.53","1309次观看","2天前"
"Mach das zuerst! Diese 5 Einstellungen in Nioh 3 solltest du ändern!先做这个！你应该在《仁王3》里更改这5个设置！","https://www.youtube.com/watch?v=GYAMMDBNHxk&pp=ygUGbmlvaCAz0gcJCZEKAYcqIYzv","3.40","1861次观看","11小时前"
"Steam Deck OLED / Nioh 3 Performance / SteamOS 3.9Steam Deck OLED / 仁王 3 性能版 / SteamOS 3.9","https://www.youtube.com/watch?v=kp4YQhIrIyM&pp=ygUGbmlvaCAz","10.42","1144次观看","2天前"
"🔴 Nioh 3 / This Demo just dropped and progress transfers to the real game!🔴 《仁王3》/这个试玩版刚刚发布，进度会转移到正式游戏中！","https://www.youtube.com/watch?v=JwD5r0XyOgM&pp=ygUGbmlvaCAz","11.54:59","1041次观看","直播时间：2天前"
"Nioh 3 Combo Potential Is Unmatched ...仁王3的连击潜力无与伦比......","https://www.youtube.com/watch?v=xA9FmWcawJE&pp=ygUGbmlvaCAz","2.29","1647次观看","2天前"
"PS5 NIOH 3 Gameplay Walkthrough Part 1 FULL GAME DEMO | Nioh 3 Demo PS5 Gameplay| Nioh 3 WalkthroughPS5 《仁王 3》游戏演示 第一部分 完整游戏演示 |《仁王 3》PS5 演示版|仁王 3 攻略","https://www.youtube.com/watch?v=8KB4Sfi1gNw&pp=ygUGbmlvaCAz","6.20:29","1111次观看","直播时间：2天前"
"Nioh 3: Demo Got Me Hyped & This Will Be The Best Nioh Game!《仁王3：试玩版》让我兴奋，这将是最棒的《仁王》游戏！","https://www.youtube.com/watch?v=gJIHPgx0MIE&pp=ygUGbmlvaCAz","9.36","1277次观看","1天前"
"What Happens if you Beat the Tutorial Boss Tokugawa Kunimatsu in Nioh 3? (No Damage)如果你在《仁王 3》中击败了教程 Boss 德川国松，会发生什么？（无损伤）","https://www.youtube.com/watch?v=kKVzo0J8koM&pp=ygUGbmlvaCAz","4.37","986次观看","3天前"
"Nioh 3 - Introduction playthrough仁王3 - 入门游玩","https://www.youtube.com/watch?v=OXHZjjrFouE&pp=ygUGbmlvaCAz0gcJCZEKAYcqIYzv","1.12:17","999次观看","3天前"
"NIOH 3 NOVA DEMO VAMOS JOGAR仁王 3 NOVA 试玩","https://www.youtube.com/watch?v=R8yopH5DbPA&pp=ygUGbmlvaCAz","6.08:51","1095次观看","直播时间：2天前"
"Nioh 3 Expectations - This Changes Everything仁王3的期待——这改变了一切","https://www.youtube.com/watch?v=b4RdCBlU2GI&pp=ygUGbmlvaCAz","9.40","990次观看","4天前"
"Nioh 3 Full Walkthrough 01! Edo Falls: Boss Yamagata Masakage! | Beginner Tutorial + Character Cr...仁王3完整攻略01！江户瀑布：山形正景老板！|初学者教程 + 角色评分......","https://www.youtube.com/watch?v=kaG1AtLA3Vw&pp=ygUGbmlvaCAz","25.34","1019次观看","20小时前"
"VOCÊ PROVAVELMENTE NÃO VIU ESSA GAMEPLAY DE NIOH 3你可能没看过这个《仁王3》的游戏演示","https://www.youtube.com/watch?v=0s_aSQ9FakE&pp=ygUGbmlvaCAz","17.15","943次观看","6天前"
"NIOH 3 DEMO MAGO CEIFADOR FARMANDO仁王3演示版死神法师刷怪","https://www.youtube.com/watch?v=mxNT40XOuPc&pp=ygUGbmlvaCAz","4.09:21","994次观看","直播时间：22小时前"
"Nioh 3 - RX 6600 - All Settings Tested仁王 3 - RX 6600 - 所有设置测试","https://www.youtube.com/watch?v=vmluUCtdlLw&pp=ygUGbmlvaCAz","22.11","941次观看","2天前"
"GTX 1650 | Nioh 3 - 4K, 1440p, 1080p, 900p, 720p - FSR 3.1 + FGGTX 1650 |仁王 3 - 4K，1440p，1080p，900p，720p - FSR 3.1 + FG","https://www.youtube.com/watch?v=EGnysIrJUKA&pp=ygUGbmlvaCAz","20.56","1138次观看","2天前"
"Nioh 3 Let's Play (Part 6) - A Fan Favorite Returns (PC) @PWARGaming仁王 3 实况（第六部分）——粉丝喜爱回归（PC）@PWARGaming","https://www.youtube.com/watch?v=SMVd_uCPM6U&pp=ygUGbmlvaCAz","2.44:55","893次观看","1天前"
"Nioh 3 - Trailer de Recursos | PS5仁王 3 - 资源预告片 |PS5","https://www.youtube.com/watch?v=_LSpRKlLkDk&pp=ygUGbmlvaCAz","0.51","943次观看","2天前"
"Nioh 3 | Demo Content Carries Into Game Release | Part 6仁王3 |试玩版内容将延续至游戏发布 |第六部分","https://www.youtube.com/watch?v=kyiaAQ1T3H8&pp=ygUGbmlvaCAz","43.14","947次观看","2天前"
"Nioh 3 Zero Death Challenge | Full 100% Walkthrough - Part 1仁王3零死挑战 |完整100%攻略 - 第一部分","https://www.youtube.com/watch?v=OHcIE04MmQI&pp=ygUGbmlvaCAz","55.26","946次观看","1天前"
"NIOH 3 || Eve [Stellar Blade] - Female Character CreationNIOH 3 ||伊芙 [星刃] - 女性角色创建","https://www.youtube.com/watch?v=VC8CjxUfsiM&pp=ygUGbmlvaCAz","6.54","968次观看","1天前"
"Nioh 3 Let's Play (Part 5) - Blacksmith and Dojo Unlocked (PC) @PWARGaming仁王 3 实况（第五部分）——铁匠与道场解锁（PC）@PWARGaming","https://www.youtube.com/watch?v=oipdTHW9-Yo&pp=ygUGbmlvaCAz","1.11:12","884次观看","2天前"
"REACT DA PREVIEW DE NIOH 3 DO FIGHTINCOWBOY反应 DA 预览 《新王 3》 打斗少年","https://www.youtube.com/watch?v=xa7DVgljzJI&pp=ygUGbmlvaCAz","40.47","889次观看","5天前"
"Nioh 3 | Demo Content Carries Into Game Release | Part 7仁王3 |试玩版内容将延续至游戏发布 |第七部分","https://www.youtube.com/watch?v=Q4ooHXSbDGY&pp=ygUGbmlvaCAz","46.37","1068次观看","2天前"
"Nioh 3 – RTX 5070 Ti | FPS Test & Performance | Max Settings仁王 3 – RTX 5070 Ti |FPS 测试与性能 |最大设置","https://www.youtube.com/watch?v=hSe0r-7cgyQ&pp=ygUGbmlvaCAz0gcJCZEKAYcqIYzv","10.40","885次观看","2天前"
"Nioh 3 - PC port performance review/benchmark (4070ti Super/i9-12900k)仁王 3 - PC 移植性能评测/基准测试（4070ti Super/i9-12900k）","https://www.youtube.com/watch?v=k_zQO2-FfRg&pp=ygUGbmlvaCAz","8.29","818次观看","3天前"
"Nioh 3 Let's Play (Part 4) - Jakotsu-baba's Crucible (PC) @PWARGaming仁王 3 实况（第四部分）- 蛇骨婆婆的熔炉（PC）@PWARGaming","https://www.youtube.com/watch?v=-oYXxx3_XYc&pp=ygUGbmlvaCAz","2.03:08","893次观看","2天前"
"New Nioh 3 Demo Is Looking Great新的《仁王3》演示版看起来很棒","https://www.youtube.com/watch?v=pamlTUg2TuY&pp=ygUGbmlvaCAz","18.36","1090次观看","1天前"
"Nioh 3 – How to Separate Style Switch from Burst Break仁王3——如何区分风格切换和爆发破坏","https://www.youtube.com/watch?v=lOM5uNSlS7E&pp=ygUGbmlvaCAz","6.50","854次观看","1天前"
"Nioh 3 - Full Character Creator仁王3 - 完整角色创建器","https://www.youtube.com/watch?v=Qnz_Qmsmvr0&pp=ygUGbmlvaCAz","31.55","790次观看","1天前"
"Nioh 3 - RX 6600 | 1080p - All Settings仁王 3 - RX 6600 |1080p - 所有设置","https://www.youtube.com/watch?v=QODE2tC4ITE&pp=ygUGbmlvaCAz","19.53","854次观看","2天前"
"Nioh 3 - RTX 3050 6GB | 1080p - All Settings仁王 3 - RTX 3050 6GB |1080p - 所有设置","https://www.youtube.com/watch?v=soh9KooBHCw&pp=ygUGbmlvaCAz","10.30","801次观看","3天前"
"Nioh 3 (Demo) - Game is a Mess仁王3（试玩版）——游戏一团糟","https://www.youtube.com/watch?v=duEsVyRV3Bk&pp=ygUGbmlvaCAz","0.12","804次观看","2天前"
"Nioh 3 Let's Play (Part 3) - Open Field Spa (PC) @PWARGaming仁王 3 实况（第三部分）- 开放草原温泉（PC）@PWARGaming","https://www.youtube.com/watch?v=yhB6DiyHiEU&pp=ygUGbmlvaCAz","1.45:52","852次观看","2天前"
"Nioh 3 - Baba Nobuharu Boss Fight @ 4K 60ᶠᵖˢ ✔仁王 3 - 马场信春 Boss 战 @ 4K 60fps ✔","https://www.youtube.com/watch?v=dXbV_ullVTI&pp=ygUGbmlvaCAz","4.39","794次观看","1天前"
"Nioh 3 | Demo Content Carries Into Game Release | Cozy Stream | Part 10仁王3 |试玩版内容将延续至游戏发布 |温馨的小溪 |第十部分","https://www.youtube.com/watch?v=T73wdP6tAgo&pp=ygUGbmlvaCAz","34.37","953次观看","1天前"
"Nioh 3 Level 1 - Odachi und später Glefe - Nioh 3 Deutsch仁王3 第一关 - 大太刀，后来是《刀刃》- 仁王3 德语版","https://www.youtube.com/watch?v=mk39Ef5VBKk&pp=ygUGbmlvaCAz","6.05:27","775次观看","直播时间：11小时前"
"We are playing Nioh 3 EARLY baby! (Portrait)我们要提前玩仁王3，宝贝！（肖像）","https://www.youtube.com/watch?v=l8yDrjNR0N8&pp=ygUGbmlvaCAz","3.15:52","694次观看","直播时间：1天前"
"Nioh 3 | Demo Content Carries Into Game Release | Cozy Stream | Part 8仁王3 |试玩版内容将延续至游戏发布 |温馨的小溪 |第八部分","https://www.youtube.com/watch?v=7UjFVdeFV1g&pp=ygUGbmlvaCAz","37.09","812次观看","1天前"
"🤮🤮🤮 Did NIOH 3 look awful on the RX580? 🤮🤮🤮 #nioh3 #rx580 #nioh3rx580🤮🤮🤮 NIOH 3 在 RX580 上的画面难看吗？🤮🤮🤮 #nioh3 #rx580 #nioh3rx580","https://www.youtube.com/watch?v=DejPNEuzB4s&pp=ygUGbmlvaCAz","7.32","711次观看","1天前"
"Playing Nioh 3 EARLY | Day 2 | Head to the Crucible (Portrait)早期玩《仁王3》 |第2天 |前往熔炉（肖像）","https://www.youtube.com/watch?v=WpEDx1aH2po&pp=ygUGbmlvaCAz","2.49:27","675次观看","直播时间：20小时前"
"⚔️ Nioh 3 Demo — Let’s Try! 🔥 LIVE | First Time Reactions, Boss Fights & Builds⚔️ 仁王 3 试玩版——让我们试试看！🔥 现场 |首次体验、Boss 战与构建","https://www.youtube.com/watch?v=zBNk7hgCFgQ&pp=ygUGbmlvaCAz0gcJCZEKAYcqIYzv","2.39:32","672次观看","直播时间：2天前"
"Nioh 3 - Full Demo!! "Shorts Livestream"仁王3——完整试玩版！！“短片直播”","https://www.youtube.com/watch?v=kDN_YrbGTzM&pp=ygUGbmlvaCAz0gcJCZEKAYcqIYzv","10.33:13","663次观看","直播时间：2天前"
"NIOH 3 NOVA DEMO CONTINUANDO A ESPLORAÇÃO仁王3：新试玩版继续探索","https://www.youtube.com/watch?v=CwApO0v8K0g&pp=ygUGbmlvaCAz0gcJCZEKAYcqIYzv","5.13:48","674次观看","直播时间：1天前"
"Nioh 3 - 10 Crucial Details You NEED to Know Before Playing!《仁王3》——玩之前你必须知道的10个关键细节！","https://www.youtube.com/watch?v=U6bwvOgU04U&pp=ygUGbmlvaCAz","9.10","982次观看","1天前"
"HOW TO BEAT The Giants AT ANY LEVEL EASY GUIDE | Nioh 3如何在任何水平击败巨人队 简易指南 |仁王3","https://www.youtube.com/watch?v=0oObsoyCM9Y&pp=ygUGbmlvaCAz","2.12","708次观看","1天前"
"أول تجربة مع Nioh 3 ⚔️ تختيم ملحمي وصعوبة مجنونة第一次体验仁王3 ⚔️史诗封印和疯狂难度","https://www.youtube.com/watch?v=xBPfwdQ3owg&pp=ygUGbmlvaCAz","2.23:16","802次观看","直播时间：1天前"
"NIOH 3 dicas- como obter ARTES DO UMBRASAL","https://www.youtube.com/watch?v=WPz5iMEitTM&pp=ygUGbmlvaCAz","6.08","1157次观看","23小时前"
"Nioh 3: Beating Jakotsu-baba Demo Last Boss (Odachi Sword)仁王 3：击败蛇骨马场 最后 Boss（大立刀）","https://www.youtube.com/watch?v=btF2oOJhLlY&pp=ygUGbmlvaCAz","3.28","713次观看","2天前"
"Checking New Patch Nioh 3 Demo Then Expedition 33 NG+ Side quest & Boss Hunt Live查看新补丁《仁王 3》试玩版，然后是《Expedition 33 NG+》支线任务和 Boss 狩猎直播","https://www.youtube.com/watch?v=0GMDAhOE5ac&pp=ygUGbmlvaCAz","9.05:09","617次观看","直播时间：10小时前"
"I finished the Nioh 3 demo. BOUGHT我完成了《仁王3》的试玩版。买了","https://www.youtube.com/watch?v=SEvpEvPyDHM&pp=ygUGbmlvaCAz","18.33","765次观看","1天前"
"How to Defeat Nioh 3 Yamagata Masakage Tutorial Boss如何击败《仁王 3：山形正影》教程 Boss","https://www.youtube.com/watch?v=rTW1WX90t_Q&pp=ygUGbmlvaCAz","8.13","823次观看","1天前"
"Playing Nioh 3 EARLY | Day 2 | Head to the Crucible早期玩《仁王3》 |第2天 |前往熔炉","https://www.youtube.com/watch?v=lR1xxU6RgFc&pp=ygUGbmlvaCAz","2.49:28","634次观看","直播时间：20小时前"
"Nioh 3 - Mezuki Boss Fight (No Damage)仁王 3 - 梅苏基 Boss 战（无伤害）","https://www.youtube.com/watch?v=zppW8iIVfCY&pp=ygUGbmlvaCAz","2.06","1219次观看","11小时前"
"NIOH 3 Is Here PC Demo With DLSS 4.5 Live《仁王 3》PC 演示版，DLSS 4.5 Live 版","https://www.youtube.com/watch?v=YC6A4Alsq4E&pp=ygUGbmlvaCAz","10.27:41","600次观看","直播时间：2天前"
"Nioh 3 Pretty Female Character Creation ps5 code仁王 3 漂亮女性角色创建 ps5 代码","https://www.youtube.com/watch?v=VcxiXXj2sSM&pp=ygUGbmlvaCAz","0.17","600次观看","2天前"
"Beat the Backlog S02! (Part 36) Nioh 3 Demo击败积压 第二季！（第36部分）仁王3试玩版","https://www.youtube.com/watch?v=hbP4tw2mEoo&pp=ygUGbmlvaCAz","1.02:15","634次观看","1天前"
"《仁王 3》體驗版 類魂大師兄回來啦！Nioh 3【直播】｜豪哥遊戲間《仁王 3》体验版 类魂大师兄回来啦！ Nioh 3【直播】|豪哥游戏间","https://www.youtube.com/watch?v=gY1g84GmLSM&pp=ygUGbmlvaCAz0gcJCZEKAYcqIYzv","3.23:07","569次观看","直播时间：2天前"
"Cult of the lamb and then more NIOH 3 demo《羔羊教派》，然后是更多的《仁王3》试玩版","https://www.youtube.com/watch?v=7CJWAST7zGM&pp=ygUGbmlvaCAz","9.10:07","520次观看","直播时间：1天前"
"Here's why I ABSOLUTELY REFUSE to HATE Nioh 3...这就是我坚决拒绝讨厌《仁王3》的原因......","https://www.youtube.com/watch?v=3vHeA77xhWI&pp=ygUGbmlvaCAz","32.08","527次观看","6天前"
"Nioh 3 Settings That Make A Difference《仁王3》设定带来改变","https://www.youtube.com/watch?v=jJXBVRKUs74&pp=ygUGbmlvaCAz","6.41","1307次观看","1天前"
"《仁王３ | Nioh 3》千元遊戲 角色扮演+魂系 期待以久的知名大作出試玩啦 來玩給大家看 值不值得入手 可繼承存檔!!【1% 遊戲 / 1% Game】《仁王 3 | Nioh 3》千元游戏 角色扮演+魂系 期待以久的知名大作出试玩啦 来玩给大家看 值不值得入手 可继承存档！！ 【1% 游戏 / 1% Game】","https://www.youtube.com/watch?v=vJ5QgIejpt8&pp=ygUGbmlvaCAz","4.50:35","494次观看","直播时间：2天前"
"Nioh 3 Let's Play (Part 7) - A Build is Born (PC) @PWARGaming仁王 3 实况（第七部分）- 构建诞生（PC）@PWARGaming","https://www.youtube.com/watch?v=Nac9-UGvwRY&pp=ygUGbmlvaCAz","1.25:15","1286次观看","11小时前"
"NIOH 3 || Tifa Lockhart [Final Fantasy 7] - Female Character CreationNIOH 3 ||蒂法·洛克哈特 [最终幻想 7] - 女性角色创建","https://www.youtube.com/watch?v=T857OukMmMo&pp=ygUGbmlvaCAz","7.33","529次观看","1天前"
"NIOH 3  DEMO PART 01 PS5 LIVE GAMEPLAY仁王 3 演示 第一部分 PS5 实时游戏","https://www.youtube.com/watch?v=_CO5O9ulJTA&pp=ygUGbmlvaCAz","1.00:17","461次观看","直播时间：1天前"
"Nioh 3 Gameplay Walkthrough Part 1 FULL DEMO | Nioh 3 Coop PS5 | Nioh 3 Demo PS5| Nioh 3 Playthrough仁王 3 游戏演示第一部分完整演示 |仁王 3 合作版 PS5 |仁王 3 PS5 演示版|仁王 3 通关","https://www.youtube.com/watch?v=1qZy9dEfWnE&pp=ygUGbmlvaCAz","5.52:16","461次观看","直播时间：1天前"
"NIOH 3 DEMO COMO PEGAR MAGIA DISPARO DE TEMPESTADE仁王3演示：如何击中风暴射击魔法","https://www.youtube.com/watch?v=wNosGbkqS18&pp=ygUGbmlvaCAz","1.57","443次观看","1天前"
"Nioh 3 Demo | 4K DLAA Max | RTX 5090 + 9950X3D + 8800MT/s仁王 3 试玩版 |4K DLAA Max |RTX 5090 + 9950X3D + 8800MT/s","https://www.youtube.com/watch?v=fpazkFMEjHc&pp=ygUGbmlvaCAz","3.53","489次观看","1天前"
"STOP DOING This One Massive Mistake BEGINNER GUIDE | Nioh 3停止这样做 一个巨大的错误 入门指南 |仁王3","https://www.youtube.com/watch?v=674en4TvcjA&pp=ygUGbmlvaCAz","1.54","901次观看","8小时前"
"Nioh 3 _ MSI Claw A8 Z2EM | Low-High Settings | 30W | 1080p | Gameplay |Let's Do it.仁王 3 _ MSI 爪 A8 Z2EM |低-高设置 |30W |1080p |游戏玩法 |我们开始吧。","https://www.youtube.com/watch?v=EtaWTop3DYQ&pp=ygUGbmlvaCAz","18.12","503次观看","1天前"
"Nioh 3 RTX 5060 FPS TEST | Nioh 3 RTX 5060 & i5 14400F Benchmark 1080p/1440p/4K仁王 3 RTX 5060 FPS 测试 |仁王 3 RTX 5060 & i5 14400F 基准测试 1080p/1440p/4K","https://www.youtube.com/watch?v=3dF_8jn0kkU&pp=ygUGbmlvaCAz","15.05","408次观看","2天前"
"NIOH 3 HOW TO PERFECT TOKUGAWA KUNIMATSU FIRST BOSS [NO DAMAGE, ARMOR, POWERS, SKILLS, ITEMS, SOLO]仁王 3 如何完善德川国松 首个 BOSS【无伤害、护甲、能力、技能、道具、单人】","https://www.youtube.com/watch?v=jIQCaVZ3Rso&pp=ygUGbmlvaCAz","18.19","411次观看","2天前"
"NIOH 3 - Parte 3: Genjutsu Cretino!!!!! [ PS5 Pro - Playthrough 4K ]仁王 3 - 第三部：幻术 Cretino!!!![ PS5 Pro - 4K 通关 ]","https://www.youtube.com/watch?v=Z2CABPufTu0&pp=ygUGbmlvaCAz","3.03:35","2123次观看","11小时前"
"What Controls Am I Using For Nioh 3?我用什么作来玩《仁王3》？","https://www.youtube.com/watch?v=tU_zwrIFRQM&pp=ygUGbmlvaCAz","2.22","1647次观看","12小时前"
"Nioh 3 is such a complicated game! It's just too difficult for newcomers and average players to g...仁王3真是一款复杂的游戏！对新手和普通玩家来说，这实在太难了......","https://www.youtube.com/watch?v=Q_yFQFl-9bU&pp=ygUGbmlvaCAz","4.08","445次观看","21小时前"
"Nioh 3 on ROG XBOX Ally X - Best Settings - Gameplay/ Performance Review《仁王 3》在 ROG XBOX Ally X 上的最佳设置 - 游戏玩法/性能评测","https://www.youtube.com/watch?v=7pLlDppIlTg&pp=ygUGbmlvaCAz","4.20","529次观看","1天前"
"IT's HERE! - Nioh 3 Demo它来了！- 仁王3试玩版","https://www.youtube.com/watch?v=Ey9VIdxfTt4&pp=ygUGbmlvaCAz","3.05:50","450次观看","直播时间：2天前"
"Nioh 3 | Secret Boss Bloodedge Demon仁王 3 |秘密 Boss 血刃恶魔","https://www.youtube.com/watch?v=ugkBk-4prT0&pp=ygUGbmlvaCAz","1.26","659次观看","1天前"
"🔴Demon Slayer | Nioh 3 (1)🔴鬼灭之刃 |仁王3（1）","https://www.youtube.com/watch?v=1CwWCqe2Bxk&pp=ygUGbmlvaCAz","4.11:27","359次观看","直播时间：20小时前"
"Beauty Lady Shogun Character Creation - Nioh 3美女将军角色创建 - 仁王3","https://www.youtube.com/watch?v=JLapEYFUKzU&pp=ygUGbmlvaCAz","12.32","553次观看","18小时前"
"🔴NIOH 3 Demo Blind Run – Expect Death🔴《仁王3》试玩盲跑——期待死亡","https://www.youtube.com/watch?v=8hmhUmEb2j4&pp=ygUGbmlvaCAz","4.40:26","349次观看","直播时间：2天前"
"【PCゲーム】#562 仁王３（体験版）（Nioh 3 Demo）（2）【投げ銭禁止】【初見プレイ 生放送】[PC 游戏] #562 仁王 3（试玩版）（仁王 3 试玩版）（2） [No Gaving] [首次观看直播]","https://www.youtube.com/watch?v=ntVg5tIzwEs&pp=ygUGbmlvaCAz","2.58:33","325次观看","直播时间：14小时前"
"NIOH 3 PART 02  WALKTHROUGH PS5 LIVE GAMEPLAY《仁王 3》第二部分攻略 PS5 实时游戏","https://www.youtube.com/watch?v=MgjAb8_OwpY&pp=ygUGbmlvaCAz","42.28","358次观看","直播时间：17小时前"
"Nioh 3 | Demo Content Carries Into Game Release | Cozy Stream | Part 9仁王3 |试玩版内容将延续至游戏发布 |温馨的小溪 |第九部分","https://www.youtube.com/watch?v=6668qwagkxw&pp=ygUGbmlvaCAz","37.58","742次观看","1天前"
"Nioh 3 super cute female character creation仁王3超级可爱的女性角色创建","https://www.youtube.com/watch?v=kTTmU4SRv2c&pp=ygUGbmlvaCAz","8.10","332次观看","1天前"
"IT's HERE! - Nioh 3 Demo它来了！- 仁王3试玩版","https://www.youtube.com/watch?v=5K44Nlu3K1Y&pp=ygUGbmlvaCAz","4.21:15","309次观看","直播时间：2天前"
"RTX 5060 Ti 16GB Nioh 3 | Nioh 3 RTX 5060 Ti & i5 14400F Benchmark 1080p/1440p/4KRTX 5060 Ti 16GB Nioh 3 |Nioh 3 RTX 5060 Ti 和 i5 14400F 基准测试 1080p/1440p/4K","https://www.youtube.com/watch?v=Kc7ZZP0noX0&pp=ygUGbmlvaCAz","15.21","307次观看","2天前"
"Nioh 3 -  Mini Ninja Style guiide!仁王3——迷你忍者风格指南！","https://www.youtube.com/watch?v=NDT8Nv0PGuQ&pp=ygUGbmlvaCAz0gcJCZEKAYcqIYzv","17.50","338次观看","3天前"
"NIOH 3 Showcase 18 Minute Gameplay, Story, Combat System and MORE!《仁王3》展示18分钟的游戏玩法、剧情、战斗系统及更多内容！","https://www.youtube.com/watch?v=Z12FqAYF_Rw&pp=ygUGbmlvaCAz0gcJCZEKAYcqIYzv","18.13","340次观看","6天前"
"RTX 5070 No NIOH 3 (DEMO)RTX 5070 无 NIOH 3（演示）","https://www.youtube.com/watch?v=mz42mwHIjrQ&pp=ygUGbmlvaCAz","22.17","288次观看","2天前"
"⚔️Nioh 3 Demo Day 2 LIVE | Boss Fights, Builds & First Time Gameplay⚔️仁王 3 试玩日 2 LIVE |Boss 战、配装与首次游戏体验","https://www.youtube.com/watch?v=9emtpyx1GLQ&pp=ygUGbmlvaCAz","2.10:59","272次观看","直播时间：23小时前"
"🔴 Progressing Nioh 3 Demo (PC)🔴 推进《仁王 3》试玩版（PC）","https://www.youtube.com/watch?v=L0CLkE9COgI&pp=ygUGbmlvaCAz0gcJCZEKAYcqIYzv","3.42:57","283次观看","直播时间：2天前"
"Nioh 3 | PS5 Features Trailer | PS5仁王 3 |PS5 功能预告片 |PS5","https://www.youtube.com/watch?v=Jrl0_EJQsm4&pp=ygUGbmlvaCAz","0.51","277次观看","2天前"
"Nioh 3 | PC | 9070 XT | 9800 X3D | Cp.1 "Demo"仁王 3 |PC |9070 XT |9800 X3D |Cp.1 “演示”","https://www.youtube.com/watch?v=GVOXrxwBn_o&pp=ygUGbmlvaCAz","3.57:58","419次观看","直播时间：2天前"
"IT's HERE! - Nioh 3 Demo它来了！- 仁王3试玩版","https://www.youtube.com/watch?v=ZI8Pvk-_vJs&pp=ygUGbmlvaCAz","3.00:30","273次观看","直播时间：2天前"
"2-تختيم الديمو  || Nioh 3 ||  ياماغاتا2-封印演示 ||仁王3 ||山形","https://www.youtube.com/watch?v=8EsXXHi82Y0&pp=ygUGbmlvaCAz","33.12","723次观看","9小时前"
"Nioh 3 - Let's Play Part 12: Maisaka仁王3 - 一起玩 第12部分：舞坂","https://www.youtube.com/watch?v=L1mxolxn-vQ&pp=ygUGbmlvaCAz","36.12","3459次观看","9小时前"
"Nioh 3 Demo - 4K Max Settings | RTX 5090 | 9800X3D仁王 3 演示 - 4K Max 设置 |RTX 5090 |9800X3D","https://www.youtube.com/watch?v=W8tt7SMubxY&pp=ygUGbmlvaCAz","17.45","378次观看","2天前"
"Nioh 3 - Features Trailer | PS5 Games仁王 3 - 特色预告片 |PS5 游戏","https://www.youtube.com/watch?v=QbNPbBr4Lo8&pp=ygUGbmlvaCAz","0.51","278次观看","1天前"
"#4 Nioh 3 DEMO - Lecimy dalej#4 仁王3演示 - 莱西米·达莱伊","https://www.youtube.com/watch?v=3eGYS4dXeK8&pp=ygUGbmlvaCAz","3.56:42","220次观看","直播时间：13小时前"
"Nioh 3 – FINALE DEMO!仁王3——最终试玩版！","https://www.youtube.com/watch?v=62CE6PSVCPI&pp=ygUGbmlvaCAz","44.27","173次观看","2天前"
"PS5 NIOH 3 Gameplay Walkthrough Part 1 FULL GAME DEMO | Nioh 3 Demo PS5 Gameplay| Nioh 3 WalkthroughPS5 《仁王 3》游戏演示 第一部分 完整游戏演示 |《仁王 3》PS5 演示版|仁王 3 攻略","https://www.youtube.com/watch?v=SXsgLDbeHkU&pp=ygUGbmlvaCAz","5.43:47","167次观看","直播时间：1天前"
"Nioh 3 Splitstaff Full Skill Tree and Move Set Demonstration《仁王3》分棍全技能树与招式演示","https://www.youtube.com/watch?v=qEH2k1asf1k&pp=ygUGbmlvaCAz","4.26","226次观看","2天前"
"Nioh 3 Dirty Key and Where To Use It To Open the Door That Seems To Be Locked仁王3脏钥匙以及打开那扇似乎锁着的门的办法","https://www.youtube.com/watch?v=n_mMAiJVzCk&pp=ygUGbmlvaCAz","1.40","206次观看","1天前"
"Nioh 3 Video and More Sekiro!! - Owl(Father) - Can I Get The Kill.《仁王3》视频及更多只狼！！- 猫头鹰（父亲）- 我能杀吗？","https://www.youtube.com/watch?v=VJ4_t1XPk-A&pp=ygUGbmlvaCAz0gcJCZEKAYcqIYzv","3.59:00","183次观看","直播时间：2天前"
"Nioh 3 Advanced Aerial Movement Tech Divine Flight Crucible Dual Ninja Swords仁王3 高级空中移动科技 神飞熔炉 双忍者刀","https://www.youtube.com/watch?v=MpgU1IY4rrc&pp=ygUGbmlvaCAz","0.58","349次观看","2天前"
"Nioh 3 | Features Trailer | PS5仁王 3 |专题预告片 |PS5","https://www.youtube.com/watch?v=EVX42No1xp4&pp=ygUGbmlvaCAz","0.51","174次观看","2天前"
"Nioh 3 Crashing or Freezing? Lag, Black Screen & CTD Fix for PC ⚠️《仁王 3》崩溃还是冻结了？PC 版⚠️延迟、黑屏和 CTD 修复","https://www.youtube.com/watch?v=bexcCSZ2aRY&pp=ygUGbmlvaCAz","1.00","185次观看","2天前"
"Nioh 3 x Nioh 2 - Minhas Preocupações!仁王 3 x 仁王 2——我的烦恼！","https://www.youtube.com/watch?v=aGxnY3B5dRo&pp=ygUGbmlvaCAz0gcJCZEKAYcqIYzv","5.47","177次观看","6天前"
"🔴Shorts Live: NiOh 3 Demo  #nioh2 #nioh3 #nioh #nioh3beta🔴短视频直播：《仁王 3》试玩 #nioh2 #nioh3 #nioh #nioh3beta","https://www.youtube.com/watch?v=gkxXAMhgNL8&pp=ygUGbmlvaCAz0gcJCZEKAYcqIYzv","9.11:34","159次观看","直播时间：1天前"
"RTX 5070 Ti on NIOH 3 | 4K, 1440p, DLAA, DLSS | PC Performance在 NIOH 3 上的 RTX 5070 Ti |4K，1440p，DLAA，DLSS |PC 性能","https://www.youtube.com/watch?v=L2SdP6vazfQ&pp=ygUGbmlvaCAz","15.18","178次观看","2天前"
"Nioh 3 PS5 vs PS5 Pro Graphics Comparison《仁王 3 PS5》与 PS5 Pro 的画面对比","https://www.youtube.com/watch?v=jOuUixM7WgM&pp=ygUGbmlvaCAz","1.17","177次观看","2天前"
"NIOH 3 - WYJAŚNIENIE MECHANIK - KONIECZNIE SPRÓBUJ DEMA! - NIE TAKI DIABEŁ STRASZNY JAK GO MALUJĄ.《仁王3》——机制解析——一定要试玩版！- 没被描绘得那么可怕。","https://www.youtube.com/watch?v=bI-SzC6rIXU&pp=ygUGbmlvaCAz","56.44","265次观看","14小时前"
"Nioh 3 Public Demo is avaiable for everyone now! / Thanks KoeiTecmo for the ContentCreator Key Code!《仁王 3》公开试玩版现已向所有人开放！/ 感谢光荣特库摩提供的 ContentCreator 密钥码！","https://www.youtube.com/watch?v=wzyL4KCwcf4&pp=ygUGbmlvaCAz","4.11:41","154次观看","直播时间：23小时前"
"Change These Game Settings for Nioh 3 for Better Experience更改《仁王3》的游戏设置以获得更好的体验","https://www.youtube.com/watch?v=CWjE3h_xkXk&pp=ygUGbmlvaCAz","11.41","332次观看","1天前"
"#shorts NIOH 3 - JOGANDO A DEMO#shorts 《仁王 3》- 《JOGANDO》试玩版","https://www.youtube.com/watch?v=NCTCV1qoUoI&pp=ygUGbmlvaCAz","1.32:24","148次观看","直播时间：2天前"
"Nioh 3 Demo - Is It Worth Getting仁王3试玩版——值得入手吗","https://www.youtube.com/watch?v=cNIqBKYyrGo&pp=ygUGbmlvaCAz","4.39:49","133次观看","直播时间：1天前"
"Road to Nioh 3: Mastering Nioh 2 Before the Demo! 🏯 (Live Gameplay)通往仁王3之路：在试玩前先掌握仁王2！🏯 （实时游戏播放）","https://www.youtube.com/watch?v=Nek06Pq0YuM&pp=ygUGbmlvaCAz","3.17:51","166次观看","直播时间：6天前"
"Nioh 3 - Yamagata Masakage Boss Fight [4K 60FPS]仁王 3 - 山形正影 Boss 战 [4K 60FPS]","https://www.youtube.com/watch?v=eOdmNG4sqJ4&pp=ygUGbmlvaCAz","9.58","144次观看","3天前"
"EARLY PREVIEW! Let's Try Out Nioh 3!! #Sponsored提前预览！让我们试试《仁王 3》吧！！#Sponsored","https://www.youtube.com/watch?v=8ZB391Y4k7g&pp=ygUGbmlvaCAz","1.46:40","140次观看","3天前"
"Nioh 3 - Full Demo!! "Please Be Good!!"仁王3——完整试玩版！！“请乖一点！！”","https://www.youtube.com/watch?v=SugyX7oFqqE&pp=ygUGbmlvaCAz","10.35:28","159次观看","直播时间：2天前"
"Nioh 3 Boss PS5 Gameplay Walkthrough with Yamagata Masakage and Takeda Shingen《仁王 3 Boss PS5》与山形正景和武田信玄的游戏攻略","https://www.youtube.com/watch?v=pbFml9Ftgxc&pp=ygUGbmlvaCAz","9.07","300次观看","3天前"
"Nioh 3 First Impression After 40+ Hours of Gameplay《仁王3》40+小时游戏体验的第一印象","https://www.youtube.com/watch?v=jCq7IrsMV88&pp=ygUGbmlvaCAz","5.08","160次观看","1天前"
"NIOH 3 Gameplay Walkthrough Part 1 FULL GAME DEMO | Nioh 3 Demo Gameplay | Nioh 3 Walkthrough PS5NIOH 3 游戏演示 第一部分 完整游戏演示 |仁王 3 试玩 |仁王 3 攻略 PS5","https://www.youtube.com/watch?v=4aSO1i1XkJs&pp=ygUGbmlvaCAz","2.59:31","128次观看","直播时间：1天前"
"RTX 4060 Laptop | NIOH 3 | ASUS TUF A15RTX 4060 笔记本 |仁王 3 |华硕 TUF A15","https://www.youtube.com/watch?v=WgY8UK81JYo&pp=ygUGbmlvaCAz","4.00","153次观看","9小时前"
"[Vertical] 仁王3 Nioh 3 DEMO Released! 🐢Nioh 3🐢[竖直] 仁王3 仁王3 演示发布！🐢仁王3🐢","https://www.youtube.com/watch?v=8UWveKN_E-I&pp=ygUGbmlvaCAz","7.58:10","116次观看","直播时间：1天前"
"STOP Running in Nioh 3: Do THIS instead (infinite speed)在《仁王3》中停止跑步：改做这个（无限速度）","https://www.youtube.com/watch?v=FqeuXBSe3uk&pp=ygUGbmlvaCAz","2.35","152次观看","3天前"
"🍋 LIVE - Starting Nioh 2 for the First Time (Before Nioh 3 Drops)🍋 #shorts🍋 LIVE - 首次开始玩仁王 2（在仁王 3 发布前）🍋 #shorts","https://www.youtube.com/watch?v=DOrLGU7i2XQ&pp=ygUGbmlvaCAz","3.06:55","225次观看","直播时间：5小时前"
"Nioh 3 Intel Core Ultra 5 125H | Intel Arc IGPU仁王 3 英特尔核心 Ultra 5 125H |英特尔 Arc IGPU","https://www.youtube.com/watch?v=ncuOXw5an6k&pp=ygUGbmlvaCAz","16.05","196次观看","2天前"
"Nioh 3 female character creation super cute girl update仁王3女性角色创建超级可爱女孩更新","https://www.youtube.com/watch?v=RT3oJpIxHk0&pp=ygUGbmlvaCAz","8.08","219次观看","10小时前"
"Nioh 3 on Steam Deck | Performance Test | Lossless ScalingSteam Deck 上的《仁王 3》 |性能测试 |无损缩放","https://www.youtube.com/watch?v=4UQvhUYogps&pp=ygUGbmlvaCAz","6.33","148次观看","2天前"
"Yamagata Masakage - Nioh 3山形正景 - 仁王3","https://www.youtube.com/watch?v=YR_LpNLIpos&pp=ygUGbmlvaCAz0gcJCZEKAYcqIYzv","5.08","186次观看","2天前"
"Mezuki Boss Fight Guide (Nioh 3) Demo | How to Beat Mezuki with OdachiMezuki Boss 战攻略（仁王 3）演示 |如何用大太刀击败梅祖木","https://www.youtube.com/watch?v=yTEeFV8WOXM&pp=ygUGbmlvaCAz","7.37","235次观看","1天前"
"✨AoElena Plays Nioh 3 | Ninja Run✨ Demo Playthrough✨青艾琳娜玩《仁王3》 |忍者跑✨演示游玩","https://www.youtube.com/watch?v=VF0GZHnXLPg&pp=ygUGbmlvaCAz","","3人正在观看",""
"Nioh 3 Hitokoto Slope 100% Guide (All Items, All Chests, All Secrets)仁王3 人刀斜坡100%攻略（所有道具、宝箱、所有秘密）","https://www.youtube.com/watch?v=TSXoh8WPlPs&pp=ygUGbmlvaCAz","10.23","128次观看","2天前"
"Nioh 3 on GTX 1050 - Playable?GTX 1050 上的仁王 3——可以玩吗？","https://www.youtube.com/watch?v=RggL-JkL0NI&pp=ygUGbmlvaCAz","4.40","164次观看","1天前"
"NIOH 3  DEMO  GAMEPLAY仁王3演示游戏","https://www.youtube.com/watch?v=AyrOxZEExqY&pp=ygUGbmlvaCAz","1.32:38","109次观看","直播时间：22小时前"
"Nioh 3 | PC | 9070 XT | 9800 X3D | Cp.2 "Demo"仁王 3 |PC |9070 XT |9800 X3D |Cp.2 “演示”","https://www.youtube.com/watch?v=d_nY9w2S138&pp=ygUGbmlvaCAz","2.45:28","119次观看","直播时间：1天前"
"Nioh 3 - 1440p/4K + DLSS 4 PC Benchmarks - NVIDIA RTX 5090仁王 3 - 1440p/4K + DLSS 4 PC 基准测试 - NVIDIA RTX 5090","https://www.youtube.com/watch?v=vhhU6LssN9A&pp=ygUGbmlvaCAz","17.33","199次观看","2天前"
"ELDEN LORD PLAYS NIOH 3 on PC AND ⚔️... | Nioh 3 (Full Demo Gameplay)《艾尔登领主》在 PC 上玩《仁王 3》，还有⚔️......|仁王 3（完整演示游戏演示）","https://www.youtube.com/watch?v=wPc-QTiAOrs&pp=ygUGbmlvaCAz","21.51","101次观看","2天前"
"Nioh 3 - Vamos a jugar Nioh 3 en español 🥷🏻⚔️👹💥🗡️💣🏹☠️👺仁王3——让我们一起玩西班牙语版🥷🏻⚔️👹💥🗡️💣🏹☠️👺仁王3","https://www.youtube.com/watch?v=Y-xyl6CxoCQ&pp=ygUGbmlvaCAz0gcJCZEKAYcqIYzv","5.53:47","84次观看","直播时间：1天前"
"Nioh 3 – Main Menu Theme (20 Minute Loop) | Demo OST","https://www.youtube.com/watch?v=uMyt5kf_eaQ&list=RDuMyt5kf_eaQ&start_radio=1&pp=ygUGbmlvaCAzoAcB","20.06","125次观看","2天前"
"Nioh 3 - RTX 3070 - Ryzen 5600x - 1440p, 1080p - Benchmark","https://www.youtube.com/watch?v=1O2fTn-TNe4&pp=ygUGbmlvaCAz","18.36","196次观看","8小时前"
"Nioh 3 Odachi Gameplay | Demo Impressions (21:9)","https://www.youtube.com/watch?v=cD65yXAGSQ0&pp=ygUGbmlvaCAz","3.02:24","179次观看","直播时间：18小时前"
"Nioh 3 - Guia 100% colecionáveis e troféus | Parte 1 - Tutorial e Região Rio Tenryu","https://www.youtube.com/watch?v=Ms5D9pPNoaY&pp=ygUGbmlvaCAz","2.28:00","339次观看","9小时前"
"HOW to SHOW FPS in NIOH 3","https://www.youtube.com/watch?v=FFvoIQTQLLI&pp=ygUGbmlvaCAz","0.54","107次观看","2天前"
"Nioh 3 Axe Full Skill Tree and Move Set Demonstration","https://www.youtube.com/watch?v=ysbmwI-zkUU&pp=ygUGbmlvaCAz","4.26","166次观看","2天前"
"BLIND NIOH 3 DEMO! FIRST TIME EVER PLAYING NIOH... HELP! ⚔️👻","https://www.youtube.com/watch?v=6L_r5JQurAI&pp=ygUGbmlvaCAz0gcJCZEKAYcqIYzv","3.31:09","76次观看","直播时间：18小时前"
"Nioh 3 using DLSS 4 & DLSS 4.5! | RTX 4060 & Ryzen 7 2700 | 1080p & 1440p Tested","https://www.youtube.com/watch?v=swCKzwYuQlQ&pp=ygUGbmlvaCAz","9.35","101次观看","1天前"
"Nioh 3 | RTX 4070 Super | 1440p | Preset Ultra","https://www.youtube.com/watch?v=8QhQV2R_Ors&pp=ygUGbmlvaCAz","20.48","114次观看","1天前"
"Nioh 3 Gameplay Walkthrough Part 1 [4K 60FPS PC ULTRA] - No Commentary","https://www.youtube.com/watch?v=nAwNNvI41xk&pp=ygUGbmlvaCAz","1.40:28","71次观看","3天前"
"Nioh 3 Demo | PC Gameplay (Mouse & Keyboard)","https://www.youtube.com/watch?v=VkIQKAvl9mI&pp=ygUGbmlvaCAz","5.07:07","82次观看","直播时间：2天前"
"NIOH 3 - iGPU i5-13400 HD Intel UHD Graphics 730 (LOL at least it runs)","https://www.youtube.com/watch?v=nLJv1wi3DXA&pp=ygUGbmlvaCAz","13.09","77次观看","3天前"
"🔴Livestream🔴 NioH 3 PS5 Walkthrough Part 3 - The Battle of Futamata Castle & Takeda Shingen Boss","https://www.youtube.com/watch?v=l6Q2TfiAaKA&pp=ygUGbmlvaCAz","8.30:16","78次观看","直播时间：18小时前"
"مراجعة Nioh 3 🔥 هل تستحق الشراء؟ | أقوى جزء في السلسلة؟","https://www.youtube.com/watch?v=Zn4RKx44Qg4&pp=ygUGbmlvaCAz","10.53","95次观看","4天前"
"Nioh 3 Demo DLSS 4.5 Preset M, MFG | RTX 5090 [4K] Ryzen 7 9800X3D","https://www.youtube.com/watch?v=bkeRtiHNZx4&pp=ygUGbmlvaCAz","10.15","72次观看","1天前"
"Nioh 3 Demo burst break ki pulse cancel","https://www.youtube.com/watch?v=LRtRQ82qGO0&pp=ygUGbmlvaCAz","0.31","84次观看","2天前"
"NIOH 3- Assassin's Creed Odyssey | WWM Later","https://www.youtube.com/watch?v=ZccbM7M1ToE&pp=ygUGbmlvaCAz","3.33:28","67次观看","直播时间：1天前"
"How To Change Language In Nioh 3","https://www.youtube.com/watch?v=35oqHonKU6E&pp=ygUGbmlvaCAz","1.03","76次观看","2天前"
"Live | Nioh 3 Open Fields","https://www.youtube.com/watch?v=jdo6ILJvSpE&pp=ygUGbmlvaCAz","2.08:56","81次观看","直播时间：2天前"
"NEW SAMURAI SOULS-LIKE GAME | NIOH 3 PS5 GAMEPLAY HINDI","https://www.youtube.com/watch?v=fv1F5i2wtek&pp=ygUGbmlvaCAz","23.21","68次观看","1天前"
"Nioh 3 demo - Testes em RX 580 , RX 7600 , RTX  5050","https://www.youtube.com/watch?v=oCnAMLzECZg&pp=ygUGbmlvaCAz","","84次观看","直播时间：2天前"
"Nioh 3 Full Game Part 2 (Ps5 4K)","https://www.youtube.com/watch?v=GWTGoOrfZuY&pp=ygUGbmlvaCAz","","62次观看","2天前"
"Nioh 3 – GTX 1060 + i7-3770K | 1080p Best Settings✅","https://www.youtube.com/watch?v=NHqSu4yWR5w&pp=ygUGbmlvaCAz","","99次观看","1天前"
"MAGATSU PRIME / Demônio da Lâmina Sangrenta - NIOH 3 / PS5","https://www.youtube.com/watch?v=RO2MyoXSUV0&pp=ygUGbmlvaCAz","","87次观看","1天前"
"Nioh 3","https://www.youtube.com/watch?v=jdeq8yO8gv8&pp=ygUGbmlvaCAz","","58次观看","直播时间：2天前"
"👉 Nioh 3 Demo – First Impressions | Live Gameplay","https://www.youtube.com/watch?v=yrR_aapJJWY&pp=ygUGbmlvaCAz","","68次观看","直播时间：2天前"
"Nioh 3 Gameplay Overview - Samurai & Ninja Combat (2026)","https://www.youtube.com/watch?v=2U7KIyCn4JU&pp=ygUGbmlvaCAz","","55次观看","6天前"
"Nioh 3 Ninja Swords Full Skill Tree and Move Set Demonstration New Weapon Type Different Katana","https://www.youtube.com/watch?v=L2WjrgMpPjY&pp=ygUGbmlvaCAz","","101次观看","2天前"
"Nioh 3 ( Demo ). Ямагата Масакагэ ( No Damage )","https://www.youtube.com/watch?v=94VChP30vvY&pp=ygUGbmlvaCAz0gcJCZEKAYcqIYzv","","59次观看","1天前"
"PS5[仁王3:Nioh 3]體驗版通關後隱藏任務｜田鶴夫人（椿姬）｜觸發位置","https://www.youtube.com/watch?v=6MpPmvd8IBg&pp=ygUGbmlvaCAz","","195次观看","1天前"
"RTX 4060 Ti on Nioh 3 | 1080p, 2K, 4K Max Settings","https://www.youtube.com/watch?v=wS5_xWRP8HY&pp=ygUGbmlvaCAz","","82次观看","1天前"
"Nioh 3 PS5 vs PC Graphics Comparison","https://www.youtube.com/watch?v=BdBSk_-M3qw&pp=ygUGbmlvaCAz","","103次观看","1天前"
"Nioh 3 PC Performance Tested","https://www.youtube.com/watch?v=lpG_d-j3yBY&pp=ygUGbmlvaCAz","","247次观看","10小时前"
"NIoh 3 | How to Unlock High & Low Stance #nioh3","https://www.youtube.com/watch?v=-BXgw2zWPW8&pp=ygUGbmlvaCAz","","118次观看","2天前"
